{"noiseKey":{"private":{"type":"Buffer","data":"8OpIn5/T5EKI8wlOlgWKrNzfCT/ru7WOJ6/ybv+mfkg="},"public":{"type":"Buffer","data":"QoR/KPuE7aN38bQvVANQKW0sQ3CPcXV1vvfNOnMT5ls="}},"pairingEphemeralKeyPair":{"private":{"type":"Buffer","data":"aAfJFOXvUTQerQJk5QqYUf5ktjBvbgcZ1uI30s3bQEs="},"public":{"type":"Buffer","data":"JTT+pu++MnqwSIHRVSsknef57t54aXakij6ZlwhVhys="}},"signedIdentityKey":{"private":{"type":"Buffer","data":"GAlRgU5rGKIxYrs6N9/zn7+609rKC6qQPM58D5otQnw="},"public":{"type":"Buffer","data":"0iN0FSTJcECVqCqkL75W7+yVDbdjLCVBvlU/yt4uJGg="}},"signedPreKey":{"keyPair":{"private":{"type":"Buffer","data":"MAWo9c0nDPcek090uy71Uq6kUbLosgpX+uK2/nOn5lo="},"public":{"type":"Buffer","data":"jaLcfQHE0ABJrRRK3n9MytIzbaf7/VwB+YofqiU9AhI="}},"signature":{"type":"Buffer","data":"GeuIpiIHuwoWXYT/iCbeOdgz4xgvD4cOS50crmqMlytpDE05S+7/RNAigyLffqf8bOzwkRJV6WhjvrADNgp2Dg=="},"keyId":1},"registrationId":200,"advSecretKey":"eXJU/Pc/StxtVxSFU1qT1JT3rEfI/0eRV4X5Ur+gKlQ=","processedHistoryMessages":[],"nextPreKeyId":61,"firstUnuploadedPreKeyId":61,"accountSyncCounter":0,"accountSettings":{"unarchiveChats":false},"registered":false,"account":{"details":"CPjh/xIQyYGWxwYYAiAAKAA=","accountSignatureKey":"aCzlB8QTrDynm68v80JITs0Wp1lGHHVDeV0/HLA+rHE=","accountSignature":"XZ6AfkoT53sy+T9F6qWpJZhM1aF+P2IVKuWy1DhPbEnIwvvwWKd7DkbgXsa1ouGTsugkvodoQXr9FFShWc0tAg==","deviceSignature":"zDvRGQQSa82Mlj4ZFjpE1eGHAh26kxamrhTWnYfVTCJVuOI3IIHfN5WtfZrzjwsbXm0iUYhPphzROm04d/NXCQ=="},"me":{"id":"38665718711:19@s.whatsapp.net","name":"SOUL_XD","lid":"241764329893906:19@lid"},"signalIdentities":[{"identifier":{"name":"38665718711:19@s.whatsapp.net","deviceId":0},"identifierKey":{"type":"Buffer","data":"BWgs5QfEE6w8p5uvL/NCSE7NFqdZRhx1Q3ldPxywPqxx"}}],"platform":"smba","routingInfo":{"type":"Buffer","data":"CA0IEg=="},"lastAccountSyncTimestamp":1759871310,"myAppStateKeyId":"AAAAAKRo","lastPropHash":"3R9Z39"}