{"_sessions":{"BTSPYSCtfg8AItIWt+u5nyIOphlhtdZ7GMvOSPx6Q7My":{"registrationId":207,"currentRatchet":{"ephemeralKeyPair":{"pubKey":"BcBSDqU1P4Xg9ujBefnDGUMTEyVf+9J2gQuhwbxfkake","privKey":"qHLZ13LeEHsnZi99zAJsS6RM+YDz95PaKovCFefJH2s="},"lastRemoteEphemeralKey":"BcxzZUJ4h8cx03c82cnult8rMe2kTnCAN7Y09XTab3kV","previousCounter":0,"rootKey":"4nV/Pkh5powCoT4jCu61w2uqgfuhPzKIDvfPuv6oX9w="},"indexInfo":{"baseKey":"BTSPYSCtfg8AItIWt+u5nyIOphlhtdZ7GMvOSPx6Q7My","baseKeyType":2,"closed":-1,"used":1759871311391,"created":1759871311391,"remoteIdentityKey":"BR8WzVMorpaz33Vhuqui23s/2FmAOe1SEEvVoulJxNM8"},"_chains":{"BcxzZUJ4h8cx03c82cnult8rMe2kTnCAN7Y09XTab3kV":{"chainKey":{"counter":0,"key":"/LCiqAlyjF1s7rzm05UTf4rBUT5x1KKr44qZgOeQ9Eo="},"chainType":2,"messageKeys":{}},"BcBSDqU1P4Xg9ujBefnDGUMTEyVf+9J2gQuhwbxfkake":{"chainKey":{"counter":-1,"key":"neKH5q3DI1rOuxPCFTswqGxTNQcxGEUxPx6ZZ1Be7fo="},"chainType":1,"messageKeys":{}}}}},"version":"v1"}