{"_sessions":{"BVLbNbRgU/TypDztrbcx12+CHr/BqgcDZlgyKgrYE7MJ":{"registrationId":2089406626,"currentRatchet":{"ephemeralKeyPair":{"pubKey":"BTiyTQ/rV9MHcmWiAIdnM1gLn4iD2ofiinkrAi0RMhEE","privKey":"mBzWOgmEa300v/FqCALAtH2mcjN3VivWFEblMy2sZ38="},"lastRemoteEphemeralKey":"BciVg41PQNQ/XGZTD42X9TIg+sKDJM/GhOf+92kjq/k6","previousCounter":0,"rootKey":"Ogk21GnAh2erz79nnKnSuskssu8yS1r1Wd0V1ulhHuU="},"indexInfo":{"baseKey":"BVLbNbRgU/TypDztrbcx12+CHr/BqgcDZlgyKgrYE7MJ","baseKeyType":2,"closed":-1,"used":1759871311107,"created":1759871311107,"remoteIdentityKey":"BdI48XwKXz63lfw/78ZklZC5tHBRnuM59ob4uhF2Sggo"},"_chains":{"BciVg41PQNQ/XGZTD42X9TIg+sKDJM/GhOf+92kjq/k6":{"chainKey":{"counter":0,"key":"rUu2OQD8672wQnz2d6a+gOW+azvh9/v3xd8vCr8GZAg="},"chainType":2,"messageKeys":{}},"BTiyTQ/rV9MHcmWiAIdnM1gLn4iD2ofiinkrAi0RMhEE":{"chainKey":{"counter":-1,"key":"EGy6bLsJJjG2xBUGhmWJig95zc1A5N1e3D/QCa3gjSw="},"chainType":1,"messageKeys":{}}}}},"version":"v1"}