{"_sessions":{"BVlPGGxHr/tKkqVCpDP3EILjqvoBcbXziCC+N4Tuvs5n":{"registrationId":1879772486,"currentRatchet":{"ephemeralKeyPair":{"pubKey":"BZ3tZzmFbjha98qaey6nFAVRtohKY4z4wJ3F5ECllyts","privKey":"QM7XE0GP9Uwb/3CEKDbaTIl4gbgZebYLrw9y1216xkg="},"lastRemoteEphemeralKey":"BbZWS9OGR1frVaWcD6eIOJTZ/SU7lKVesXzCaihIJ0h7","previousCounter":0,"rootKey":"0lURHhGBQGbmZtBllHrFBN9FhtGYu53ZbVlUuLfqLHo="},"indexInfo":{"baseKey":"BVlPGGxHr/tKkqVCpDP3EILjqvoBcbXziCC+N4Tuvs5n","baseKeyType":2,"closed":-1,"used":1759871311293,"created":1759871311293,"remoteIdentityKey":"BRKP1MKyUCuHi/mo58QgRed8pQwpLLm50NPDgpbmIWl5"},"_chains":{"BbZWS9OGR1frVaWcD6eIOJTZ/SU7lKVesXzCaihIJ0h7":{"chainKey":{"counter":0,"key":"PRSbsQ7lp3WYQ/w/ku/Nk4heUkEUBDSuP27YNsrIgSA="},"chainType":2,"messageKeys":{}},"BZ3tZzmFbjha98qaey6nFAVRtohKY4z4wJ3F5ECllyts":{"chainKey":{"counter":-1,"key":"h4rKQGGvV2IhOVBC/jrdsuf80k5E5NHX6SqonJ8HQqM="},"chainType":1,"messageKeys":{}}}}},"version":"v1"}