{"_sessions":{"BcVnlc3Ec0jdeTAUBfGo/RMVB2gdUG2EryZ29yqDHNoT":{"registrationId":886621656,"currentRatchet":{"ephemeralKeyPair":{"pubKey":"BWDIpbjcHqOy7771dU0ojJWxlU68U4VvB+F7aRLn2c4f","privKey":"cGKYxpeMZKuxS4qelbtnMSbTlq7PXNJYAJYRHIcDjFU="},"lastRemoteEphemeralKey":"BW4M2oUD5vYjBnW8f1VKj5KcPCVGrkDAfpXS+bggB5Z2","previousCounter":0,"rootKey":"km2HRMYjpPnDJB/Wun5Fx1cn/KxnRBenddqY3uEpKgg="},"indexInfo":{"baseKey":"BcVnlc3Ec0jdeTAUBfGo/RMVB2gdUG2EryZ29yqDHNoT","baseKeyType":2,"closed":-1,"used":1759871311300,"created":1759871311300,"remoteIdentityKey":"BWLboa71+XY2Ps9LJHYdt8r6TaiueKlmBz6wt1nu9aEv"},"_chains":{"BW4M2oUD5vYjBnW8f1VKj5KcPCVGrkDAfpXS+bggB5Z2":{"chainKey":{"counter":0,"key":"tqz3KGkHqlApQPXAIVwtv7tR6WkWQmUIQSV5IcE1B/M="},"chainType":2,"messageKeys":{}},"BWDIpbjcHqOy7771dU0ojJWxlU68U4VvB+F7aRLn2c4f":{"chainKey":{"counter":-1,"key":"Uq32SLhSGA6OD9KZxzsD0ZzjwF7a4ddVMReKgBAOUCc="},"chainType":1,"messageKeys":{}}}}},"version":"v1"}