{"_sessions":{"BeixuHZHgA9nA7R+NbD/tu6KQjzK2/ZbSfxMW2L4C540":{"registrationId":1236208212,"currentRatchet":{"ephemeralKeyPair":{"pubKey":"Bb1RP/ooUsmmL+6ipD/Zp/TVNoua2vhEi1e750OUrGR9","privKey":"+OwuILhojVcEhEcvzJF0FvIiggIDSU8UY9IfPzjqu0Y="},"lastRemoteEphemeralKey":"BYi6z7FYHbzBTo1G8x8eqHYfc0aGN8fqXmFL7KHRuLMq","previousCounter":0,"rootKey":"VARLEhtNX1Vkzwx85irIpM1FyendENfQ2OTop8raVP8="},"indexInfo":{"baseKey":"BeixuHZHgA9nA7R+NbD/tu6KQjzK2/ZbSfxMW2L4C540","baseKeyType":2,"closed":-1,"used":1759871310700,"created":1759871310700,"remoteIdentityKey":"BX1Z1ZQ8ofUstgNLJ3IxYXYb6oSy64fgUpBH0/UUXPgl"},"_chains":{"BYi6z7FYHbzBTo1G8x8eqHYfc0aGN8fqXmFL7KHRuLMq":{"chainKey":{"counter":0,"key":"jsNVr+uuR9i4LOjHU2d/JvmVRplJYoSyGamX2t/zod4="},"chainType":2,"messageKeys":{}},"Bb1RP/ooUsmmL+6ipD/Zp/TVNoua2vhEi1e750OUrGR9":{"chainKey":{"counter":-1,"key":"Pe90MRX9h7GS4z07yuCeGIG3UmWifyKb/xzdqc8cpSk="},"chainType":1,"messageKeys":{}}}}},"version":"v1"}