{"_sessions":{"BTR6/vB5koyMFv1jPzawpzU4mtX6UjHC4dqG10HH1bxa":{"registrationId":2032795514,"currentRatchet":{"ephemeralKeyPair":{"pubKey":"BZZRNkS/G0owLOp3Xp417eMuMPsEfmCxO+JAaLt4BhRZ","privKey":"2Ezcm2nGgvVAwmRUmvX13rvAcb6H3vONAgfTqu77DVo="},"lastRemoteEphemeralKey":"Bd4SXMC0wwxVX4RFN12Yx9WI6yXAPtw/AIVfJgsLXmkJ","previousCounter":0,"rootKey":"+bSqWqfqfKfRc/9Tu8XocYF+ssVl5gt2A6GJYDGHGkU="},"indexInfo":{"baseKey":"BTR6/vB5koyMFv1jPzawpzU4mtX6UjHC4dqG10HH1bxa","baseKeyType":2,"closed":-1,"used":1759871311431,"created":1759871311431,"remoteIdentityKey":"BYbh7P+o5oVBQbaJNwrBnou8IscLDxyWgCORLFraXglv"},"_chains":{"Bd4SXMC0wwxVX4RFN12Yx9WI6yXAPtw/AIVfJgsLXmkJ":{"chainKey":{"counter":0,"key":"EN4aWjHuDi2p6Hs8IDGkfOJRfMxFZevOTWZGc1kjQF4="},"chainType":2,"messageKeys":{}},"BZZRNkS/G0owLOp3Xp417eMuMPsEfmCxO+JAaLt4BhRZ":{"chainKey":{"counter":-1,"key":"Ea3QuO/5EprEfPbfFrY0Iy/qLJnMJ10jQf4JnFrmUaU="},"chainType":1,"messageKeys":{}}}}},"version":"v1"}