{"_sessions":{"Bd2qHU0uVOOJEFOUuoEt5amVtUxRIaXSe7M2oHcpQuEx":{"registrationId":429573143,"currentRatchet":{"ephemeralKeyPair":{"pubKey":"BQPri9vKOyk1AU0hJkNmSlPn+81iqws395Eb6wMtXEcw","privKey":"kM2ooCWTr3SOsUpJ2pssC8KaJeoo/+750e9em8mTk3w="},"lastRemoteEphemeralKey":"BdNLksdAG5cgFX0w8P1fBw/W6XQiiX6/O0NjnXmAmwwX","previousCounter":0,"rootKey":"a11oLrgOgHgPXCM0EirL5/aY8c2sRQySsLgHmUdBpDI="},"indexInfo":{"baseKey":"Bd2qHU0uVOOJEFOUuoEt5amVtUxRIaXSe7M2oHcpQuEx","baseKeyType":2,"closed":-1,"used":1759871310963,"created":1759871310963,"remoteIdentityKey":"BQHa2I0Hp8US3fOBvKJF/bqOv7l/JSriM9X+HG7OXl4G"},"_chains":{"BdNLksdAG5cgFX0w8P1fBw/W6XQiiX6/O0NjnXmAmwwX":{"chainKey":{"counter":0,"key":"W9ksgf8FOOp0L8LdVJPLDyjEV/RyJ/pIZZiHVud4PpY="},"chainType":2,"messageKeys":{}},"BQPri9vKOyk1AU0hJkNmSlPn+81iqws395Eb6wMtXEcw":{"chainKey":{"counter":-1,"key":"MU32Exct1L5pD/WqHUiAzx18UbZUDRoZ/CqoVZYntrY="},"chainType":1,"messageKeys":{}}}}},"version":"v1"}