{"_sessions":{"BVOU3Vn4QpfSMHCVYWMkBOXy3flKxpFlM1o4ry8UW1gT":{"registrationId":278780462,"currentRatchet":{"ephemeralKeyPair":{"pubKey":"BUBRT1wcKtJ4YDyBriLP6RIul9T/xdQqYrdiw5pCDq1N","privKey":"+ILNU0S6cfCCxAjsfP3oDOSzzNoDn+kA3HDyqntg3UQ="},"lastRemoteEphemeralKey":"BV8zJu0r/LTmHnAs5EPnfkx/fCM+UM4vHdaUWbx55kVa","previousCounter":0,"rootKey":"DNJP1Uizx54I041cP0owNJnhZAxFIcUJ1OlGHU/AOsI="},"indexInfo":{"baseKey":"BVOU3Vn4QpfSMHCVYWMkBOXy3flKxpFlM1o4ry8UW1gT","baseKeyType":2,"closed":-1,"used":1759871311071,"created":1759871311071,"remoteIdentityKey":"BS5e6xVJT3U3V2qHgmKlkpAF+BmpBRoLuGwxJN6hH15S"},"_chains":{"BV8zJu0r/LTmHnAs5EPnfkx/fCM+UM4vHdaUWbx55kVa":{"chainKey":{"counter":0,"key":"fo3PrJ3lReZP7D4wMFvezMZ2ttGjhty2Rtnum48q1O0="},"chainType":2,"messageKeys":{}},"BUBRT1wcKtJ4YDyBriLP6RIul9T/xdQqYrdiw5pCDq1N":{"chainKey":{"counter":-1,"key":"nkFbDyPsus3GAF09o9Kbbk7jvk/3aB4LHcktzZ8aXv4="},"chainType":1,"messageKeys":{}}}}},"version":"v1"}