{"_sessions":{"Bfp3Wond1IotpVcsXwn988NghBDasIfK1PANPbtQDClg":{"registrationId":1883842128,"currentRatchet":{"ephemeralKeyPair":{"pubKey":"BeoKbog6BojkylOBvwtu02Yc1y4pGI8YyH9Wdk/g68g7","privKey":"UEyyggaFkVol5aA18ybv8f8dRyv9Ug22S6I0l0W7Rkk="},"lastRemoteEphemeralKey":"BZZ2gDJnBGJZaA8jXl1a+Rm6vTeiItaPmnj36vmNKWsh","previousCounter":0,"rootKey":"N8ydPKRiFPQ67t6sgMyz/Bo+Mk6cdwtzSI0eYq4fCeY="},"indexInfo":{"baseKey":"Bfp3Wond1IotpVcsXwn988NghBDasIfK1PANPbtQDClg","baseKeyType":2,"closed":-1,"used":1759871310492,"created":1759871310492,"remoteIdentityKey":"BUKCJzCacRlpBTbmLD3UsZa7alaeCvpV+xlnSMC6kVVC"},"_chains":{"BZZ2gDJnBGJZaA8jXl1a+Rm6vTeiItaPmnj36vmNKWsh":{"chainKey":{"counter":0,"key":"AN+UhDPQxUoRseEuicsHCl43xwF2PTEfecj+LTKiDQ0="},"chainType":2,"messageKeys":{}},"BeoKbog6BojkylOBvwtu02Yc1y4pGI8YyH9Wdk/g68g7":{"chainKey":{"counter":-1,"key":"B51/W/gR0bfdCUDfzdTDpOiejGww3EIWZxSTMxRLu/U="},"chainType":1,"messageKeys":{}}}}},"version":"v1"}