{"_sessions":{"Bc0ser4boyj9xUvZ4i/+XMeml822fe0YD7VSyAcUR9JN":{"registrationId":675904232,"currentRatchet":{"ephemeralKeyPair":{"pubKey":"BeucJNufiqRxRgmdIc8GMeVezjkuL29277JPhV3y714c","privKey":"OBRFuauTC+4HDtW+mupoYoKCDvXWoQPa7yOlDXKc1UE="},"lastRemoteEphemeralKey":"BYFi4LukGtQ+O8BNKZRL12V4etbFOcWvULqelhcvad4K","previousCounter":0,"rootKey":"8svDyGaIHPQMTWyia9+vHLXbZSOVpcvE9cVc2zN6s40="},"indexInfo":{"baseKey":"Bc0ser4boyj9xUvZ4i/+XMeml822fe0YD7VSyAcUR9JN","baseKeyType":2,"closed":-1,"used":1759871310957,"created":1759871310957,"remoteIdentityKey":"BRq/6vYcJhDWxtDD5GbF+CrJIFRgtwAhq6sz+WSHJk9u"},"_chains":{"BYFi4LukGtQ+O8BNKZRL12V4etbFOcWvULqelhcvad4K":{"chainKey":{"counter":0,"key":"xuP5t7pkC8hBxRkAeMsqG1weGJIk0Wq13UiJtWjTTXc="},"chainType":2,"messageKeys":{}},"BeucJNufiqRxRgmdIc8GMeVezjkuL29277JPhV3y714c":{"chainKey":{"counter":-1,"key":"m0p1ct8IteE8MOIXQwG5k79kA1ygdRwnyYkcYVoIPyM="},"chainType":1,"messageKeys":{}}}}},"version":"v1"}