{"_sessions":{"Bbs9YMbldu+PFucrN3JNrnN4RORB2MHU4j4eMSYJDOIp":{"registrationId":1199075869,"currentRatchet":{"ephemeralKeyPair":{"pubKey":"BUxO8turwQe0TS8+DUOLaGQi6/5P9WU2zrywo/rS28Qk","privKey":"uCxLWq0IPhhoLZ5KbiZQ2YKhmn05PkFHe+mXQjQZmmE="},"lastRemoteEphemeralKey":"BQmQig+wrw7zI8XCX9FjnisSzNGtcmog4MwFZiaI8TV7","previousCounter":0,"rootKey":"BZvEVTJifJrTUnyFFDB4kv7fwQgylh3C/Zcf82SoC70="},"indexInfo":{"baseKey":"Bbs9YMbldu+PFucrN3JNrnN4RORB2MHU4j4eMSYJDOIp","baseKeyType":2,"closed":-1,"used":1759871310997,"created":1759871310997,"remoteIdentityKey":"BcoH6QabLBi8l9Sjs05zOa0lF36bRXjmkZoTyLe6pelk"},"_chains":{"BQmQig+wrw7zI8XCX9FjnisSzNGtcmog4MwFZiaI8TV7":{"chainKey":{"counter":0,"key":"O7cnNfYXfc/qtTIzzwk4aktdjcdsNPwC/icnx5Q3K1c="},"chainType":2,"messageKeys":{}},"BUxO8turwQe0TS8+DUOLaGQi6/5P9WU2zrywo/rS28Qk":{"chainKey":{"counter":-1,"key":"2H+HKAo06egPUCgH24kwJ+qa7jHX5LAyP2mvi3uzW3k="},"chainType":1,"messageKeys":{}}}}},"version":"v1"}