{"_sessions":{"Bagdd+nTFMqqhfZKavqIEqp7ZACam+4bdvSKDlWYIFYR":{"registrationId":88380810,"currentRatchet":{"ephemeralKeyPair":{"pubKey":"BS0IgMZqR7MU17NM9UvcNinlDyu+nVxlvbz1IkhFcod/","privKey":"cFYLMS9TdgwL6OP9hz3J1EU0qok4MFTS+IcQ1zJopVk="},"lastRemoteEphemeralKey":"BatCjZW7c712Lc2H25CsozBrw9aMNf0DwW5CY3xBKXwf","previousCounter":0,"rootKey":"QjPRoBgz1TGDpinIaW+4DZA7TlytFunEkdBF93ADADg="},"indexInfo":{"baseKey":"Bagdd+nTFMqqhfZKavqIEqp7ZACam+4bdvSKDlWYIFYR","baseKeyType":2,"closed":-1,"used":1759871311172,"created":1759871311172,"remoteIdentityKey":"BcUpq9mZuT+D8wZk+P31nLcXpM7bl1VSYaAP4X2c381R"},"_chains":{"BatCjZW7c712Lc2H25CsozBrw9aMNf0DwW5CY3xBKXwf":{"chainKey":{"counter":0,"key":"r2sxcVpn98Iy1I85FllJQdHql1g2sTxfky1QajlETW0="},"chainType":2,"messageKeys":{}},"BS0IgMZqR7MU17NM9UvcNinlDyu+nVxlvbz1IkhFcod/":{"chainKey":{"counter":-1,"key":"i9kikvojFbkRbEXlZ2v4fx7nEZ79lHyLwXu7/1rpYAM="},"chainType":1,"messageKeys":{}}}}},"version":"v1"}