{"_sessions":{"BXXYXKb8ukf7dFmPAO4DKI6c8tqhr9uqYjOIy789mDkX":{"registrationId":103095897,"currentRatchet":{"ephemeralKeyPair":{"pubKey":"BWggdQkZQGKLodvNFioGNSDf99wTrMkZNz03Y34oCpZI","privKey":"6Cg7z14BTtVTjTkoTQoIx2mYGcZpYoUN2cch0NNoy3E="},"lastRemoteEphemeralKey":"BZo1+5kWinhOyv1Iej8wMrd/yUs8LVnKpJQlCE69yrZf","previousCounter":0,"rootKey":"Pi7nuO56L03hKKKMsIiZe6RIYFMqELGmJcsiq8Q7zOg="},"indexInfo":{"baseKey":"BXXYXKb8ukf7dFmPAO4DKI6c8tqhr9uqYjOIy789mDkX","baseKeyType":2,"closed":-1,"used":1759871310988,"created":1759871310988,"remoteIdentityKey":"BY/gRkUzPnNHGvtQyH5ESxWO8IMxmp//g6eyjx9ueZNF"},"_chains":{"BZo1+5kWinhOyv1Iej8wMrd/yUs8LVnKpJQlCE69yrZf":{"chainKey":{"counter":0,"key":"PIqThYQvaLEEe6nZbwvk1tlO8RMLPzs2+T3z4Ri8bso="},"chainType":2,"messageKeys":{}},"BWggdQkZQGKLodvNFioGNSDf99wTrMkZNz03Y34oCpZI":{"chainKey":{"counter":-1,"key":"k6CvqFncnDgTINREC/MmxcbWc8MhmE1poifZGH/X+8A="},"chainType":1,"messageKeys":{}}}}},"version":"v1"}