{"_sessions":{"Ba+11vjmX92iDn0d87TXK/pQa4z+DpClIUKiSj6lvp9S":{"registrationId":2037578252,"currentRatchet":{"ephemeralKeyPair":{"pubKey":"BazkTAGOkkXFQiRMSQWPcgthiJ4Flmq9RbO4oNUhi+o7","privKey":"6NWycQ9JucXsX6jJPAG3jK/QLyh3ScqxEIct+ke0O0I="},"lastRemoteEphemeralKey":"BZffmTA07goVry1fxb0oPokFGK3kIXYQnxa7LD1vgdoc","previousCounter":0,"rootKey":"oKyUKYC/MuSSBbJ9LXco8ygSss02gfeHbczsWBOwo+4="},"indexInfo":{"baseKey":"Ba+11vjmX92iDn0d87TXK/pQa4z+DpClIUKiSj6lvp9S","baseKeyType":2,"closed":-1,"used":1759871311147,"created":1759871311147,"remoteIdentityKey":"BSbhWla+ivykTnEcF95LdZT4jLOEb6VReHBSwABLn5oI"},"_chains":{"BZffmTA07goVry1fxb0oPokFGK3kIXYQnxa7LD1vgdoc":{"chainKey":{"counter":0,"key":"TF730fVa5du3Wf2Z88Q2pt/riV71WGLq+ZoJ53ufYQw="},"chainType":2,"messageKeys":{}},"BazkTAGOkkXFQiRMSQWPcgthiJ4Flmq9RbO4oNUhi+o7":{"chainKey":{"counter":-1,"key":"CceYUAOZij75vf6P2diiujIc1VAc+5af5PuV4vbrts0="},"chainType":1,"messageKeys":{}}}}},"version":"v1"}