{"_sessions":{"BXu83lSd0UiGAHWArJ4iYgKY+KFxRP/XS1GELrVQEDcv":{"registrationId":139677330,"currentRatchet":{"ephemeralKeyPair":{"pubKey":"BdYC7GAE8yCRd3GYSP9baqMsi3Ixp9SeHvzxsM4RdLow","privKey":"8B0h2NhIj+yTXwMmjo9CWWC189Fne+3CxFoYqoIzpnY="},"lastRemoteEphemeralKey":"BfdTPHKVgkwiDcwjFi37VAKXx3iCfio6ocZ8jFASkZ0/","previousCounter":0,"rootKey":"6Lq9PQ+/T4FZvKMDtN+lCPxw5NMHOQU8ePa17CfmMzc="},"indexInfo":{"baseKey":"BXu83lSd0UiGAHWArJ4iYgKY+KFxRP/XS1GELrVQEDcv","baseKeyType":2,"closed":-1,"used":1759871311005,"created":1759871311005,"remoteIdentityKey":"BVEAYt5NHH1E4bsMnkxigYoZ6yGrXOu2fmM2k5PX7BY3"},"_chains":{"BfdTPHKVgkwiDcwjFi37VAKXx3iCfio6ocZ8jFASkZ0/":{"chainKey":{"counter":0,"key":"JCn4by6h3y5mBBWpqKKNBSXeMpP2Q4XbUTcQiPODZo8="},"chainType":2,"messageKeys":{}},"BdYC7GAE8yCRd3GYSP9baqMsi3Ixp9SeHvzxsM4RdLow":{"chainKey":{"counter":-1,"key":"t3xGf67cnOZMGXC0P3P7ZUC0PodIjTpL25FRO0g5zks="},"chainType":1,"messageKeys":{}}}}},"version":"v1"}