{"_sessions":{"BYgKWfxVsJNYRUT4spqgSe4enLHB3p+e6EC8P7Jml0JO":{"registrationId":723107189,"currentRatchet":{"ephemeralKeyPair":{"pubKey":"BdsMXZxjv5sng4PXbFQcd/oQ+d3oNdhk0BTwu5kj8KJ6","privKey":"kL48oFGJHHPR8EEjDUu3CUNwLNy04hZGC67wD9zhnVo="},"lastRemoteEphemeralKey":"BcrOdmNTXS5S1Sj94wu8a3JLGgApduaJZUQ7Vkpu9xxq","previousCounter":0,"rootKey":"78o+IOEZsyGWhK2kvEqdi1gYA30/yoJYE19kTAyrwAA="},"indexInfo":{"baseKey":"BYgKWfxVsJNYRUT4spqgSe4enLHB3p+e6EC8P7Jml0JO","baseKeyType":2,"closed":-1,"used":1759871311285,"created":1759871311285,"remoteIdentityKey":"BUhUpeyx7aqxk5S9v7AU1e/BbP4zzA2qKIAKoDUoqxxQ"},"_chains":{"BcrOdmNTXS5S1Sj94wu8a3JLGgApduaJZUQ7Vkpu9xxq":{"chainKey":{"counter":0,"key":"5CbPcJlFKdl/s0OKW7JKcLjYrZNUwPOLaliXOOJBFhQ="},"chainType":2,"messageKeys":{}},"BdsMXZxjv5sng4PXbFQcd/oQ+d3oNdhk0BTwu5kj8KJ6":{"chainKey":{"counter":-1,"key":"ICsAQETLB5SxbfmOjRRpvfx2yqM+Wx78kZoV9IWnDJY="},"chainType":1,"messageKeys":{}}}}},"version":"v1"}