{"_sessions":{"BcPhGerG16V0EGdfTtRqwqSoSkAw+eXAfyf5B/ABN1FC":{"registrationId":2046527295,"currentRatchet":{"ephemeralKeyPair":{"pubKey":"BQiFh11zW/IF/SFfpOTgD+pBBeo99IWqOESjiTocQlBC","privKey":"kPjTglB6Cde0dup4Bw+4PK5h7T7NB9WAHNBBrGkQ6ks="},"lastRemoteEphemeralKey":"BZxCO16xIcAoPbvCntxaFfs/fUg9uY2nO7WLaE/ErZsV","previousCounter":0,"rootKey":"RL/uh7fyGOfZfx1oPZ2AD+PyGdT8InNcC21HT5nz/HE="},"indexInfo":{"baseKey":"BcPhGerG16V0EGdfTtRqwqSoSkAw+eXAfyf5B/ABN1FC","baseKeyType":2,"closed":-1,"used":1759871311112,"created":1759871311112,"remoteIdentityKey":"BXtzM4HPqygJA+zSEH6vgQd9/3h0ribAbBqzI1cO6chF"},"_chains":{"BZxCO16xIcAoPbvCntxaFfs/fUg9uY2nO7WLaE/ErZsV":{"chainKey":{"counter":0,"key":"BKTqoyHRVaUSV12voRRFoInAa/p4DBR/tT1TGIoYRzw="},"chainType":2,"messageKeys":{}},"BQiFh11zW/IF/SFfpOTgD+pBBeo99IWqOESjiTocQlBC":{"chainKey":{"counter":-1,"key":"lSnzbUsb2DxRfujMMEkX8KR8MRyj32BC9g544ZxPcwA="},"chainType":1,"messageKeys":{}}}}},"version":"v1"}