{"_sessions":{"BREP2NA/R/dpOYwzkxgYQbgr8ArOegDdjdbvOdeBZJAf":{"registrationId":54328602,"currentRatchet":{"ephemeralKeyPair":{"pubKey":"BVyaBAza/f27n3W8qzFq5qPizR8VwLRAX6UVlp7Qaswr","privKey":"yAu15fVV/gtw1yLSMNzKXVplwX7gviUrM4VkBtuJBlM="},"lastRemoteEphemeralKey":"BcNufB6DSClOxfucCmyXMCWTrdzvzvmOf7jyLJTYgKEw","previousCounter":0,"rootKey":"CDuALPWLohTsWNov2nRi/N9wOb/G/i0dsGN39c8K5og="},"indexInfo":{"baseKey":"BREP2NA/R/dpOYwzkxgYQbgr8ArOegDdjdbvOdeBZJAf","baseKeyType":2,"closed":-1,"used":1759871311422,"created":1759871311422,"remoteIdentityKey":"BWS20KBwZvJ3D38TGwH5GAS2c/cf+i3PR3O/XRXixqkp"},"_chains":{"BcNufB6DSClOxfucCmyXMCWTrdzvzvmOf7jyLJTYgKEw":{"chainKey":{"counter":0,"key":"65K2Me4TPsiiWf4anw5OPk2L+hP171OVpp1jNNjevrg="},"chainType":2,"messageKeys":{}},"BVyaBAza/f27n3W8qzFq5qPizR8VwLRAX6UVlp7Qaswr":{"chainKey":{"counter":-1,"key":"DTeK101YYhG6BvlraPbeqkQwsYx5qhLRyRUj8h2J+UE="},"chainType":1,"messageKeys":{}}}}},"version":"v1"}