{"_sessions":{"BTEkX4sd+GvC1laXuEQhRe73NbmPom6XqfOEaFh+2UFM":{"registrationId":382006478,"currentRatchet":{"ephemeralKeyPair":{"pubKey":"BSHOcCylkLl5Sb7QJPikK52WJ1U9fNsnB27nRegXfBkc","privKey":"mBIFUubz69ObRiZQTlWFn78hGmDHMAcKdjjsF+mibVE="},"lastRemoteEphemeralKey":"Bd3scDJZiZEjoAuOpLyOepBtNmv9U3bRm77qGZgo5dVE","previousCounter":0,"rootKey":"IZ0dqX5FBLLrqdkOqqVJ2dMWgJ5ZHJ41Gl3nXp3Fido="},"indexInfo":{"baseKey":"BTEkX4sd+GvC1laXuEQhRe73NbmPom6XqfOEaFh+2UFM","baseKeyType":2,"closed":-1,"used":1759871311313,"created":1759871311313,"remoteIdentityKey":"BRwr0LX1Ikx22t4fYM5+2VnG14Am9ZGG1mGDwKTHOWIB"},"_chains":{"Bd3scDJZiZEjoAuOpLyOepBtNmv9U3bRm77qGZgo5dVE":{"chainKey":{"counter":0,"key":"FRSwQmCeWdk8yLvAoR+QC1czBwF/+MO/g+J+03DggJc="},"chainType":2,"messageKeys":{}},"BSHOcCylkLl5Sb7QJPikK52WJ1U9fNsnB27nRegXfBkc":{"chainKey":{"counter":-1,"key":"RbraVKyFfUX1ppNSOQVGkbw75PZhS/nzwp7x7QAcM04="},"chainType":1,"messageKeys":{}}}}},"version":"v1"}