{"_sessions":{"BaPjnw2xxTt3ZGgEYi/Zm2oR2tsLVDwMRzOtnUmDEuh8":{"registrationId":1448293880,"currentRatchet":{"ephemeralKeyPair":{"pubKey":"Bbp8E2X1n352kThawzfAPCVk9/quVfacR1/nQRjGh8Yw","privKey":"ALoYlAEojWxmzkp60/NUlQhh2Fm0hobnvT5Lx8wJ8kA="},"lastRemoteEphemeralKey":"BVVZlj+efymphjcjDa085GZKTzbIDO+LXZbRZMj6K7Ex","previousCounter":0,"rootKey":"lEH289KwVLcsHqURN14OpK1VLByGVnhz3FMDc2j74S0="},"indexInfo":{"baseKey":"BaPjnw2xxTt3ZGgEYi/Zm2oR2tsLVDwMRzOtnUmDEuh8","baseKeyType":2,"closed":-1,"used":1759871311143,"created":1759871311143,"remoteIdentityKey":"BYs4adZqW4H375kVl95KfYTnGOeP2Os6Cob05w1WrZBw"},"_chains":{"BVVZlj+efymphjcjDa085GZKTzbIDO+LXZbRZMj6K7Ex":{"chainKey":{"counter":0,"key":"8OEK/uNDn+g19Fvl7N75o4kWcYR27gf/tjtEmUGxoIE="},"chainType":2,"messageKeys":{}},"Bbp8E2X1n352kThawzfAPCVk9/quVfacR1/nQRjGh8Yw":{"chainKey":{"counter":-1,"key":"a0QkeLZtthPNbAGvb9y2LsByqDDTO7A0MLBzITCWU5U="},"chainType":1,"messageKeys":{}}}}},"version":"v1"}