{"_sessions":{"BSRjoE8qEaSi85LPmO5DydrV6fFJHMOCvZ4yACTChUJL":{"registrationId":57075999,"currentRatchet":{"ephemeralKeyPair":{"pubKey":"BdCZYT2mBsYdYvQSToK/GVNE6DWgcSCS/7gEy5ckOFMf","privKey":"eMkbliA3Ts0aC8x36Hk1Y7wwAeo9XHgR1909Tkiq0lY="},"lastRemoteEphemeralKey":"Bb2xXus0yGYN3NMCTJfW/2kW8b0HO3sX5DfZXIpxwIIW","previousCounter":0,"rootKey":"8o4+Lfhjs8/EZzyaAfeCU5Ttv6TfYCBd4v4nWsyUV6I="},"indexInfo":{"baseKey":"BSRjoE8qEaSi85LPmO5DydrV6fFJHMOCvZ4yACTChUJL","baseKeyType":2,"closed":-1,"used":1759871310992,"created":1759871310992,"remoteIdentityKey":"BVQycWUfz/M93DIv0gXvsiKfHXk2gP84QmMt4ebc0uQO"},"_chains":{"Bb2xXus0yGYN3NMCTJfW/2kW8b0HO3sX5DfZXIpxwIIW":{"chainKey":{"counter":0,"key":"yBY0jIuTajxqaQ2y6d/SazI64IWS5PmBb9PjqLsv5CU="},"chainType":2,"messageKeys":{}},"BdCZYT2mBsYdYvQSToK/GVNE6DWgcSCS/7gEy5ckOFMf":{"chainKey":{"counter":-1,"key":"0buuylLqvQeh49G2uD3SPvFKqSCaS5NMEVQLX2RuTMY="},"chainType":1,"messageKeys":{}}}}},"version":"v1"}