{"_sessions":{"BbOQIyldeTDd24HmBm7AlhZQMpgTUbqDPa31YrM/KA1Q":{"registrationId":1734560624,"currentRatchet":{"ephemeralKeyPair":{"pubKey":"BR5j3ARSGhw1e/Hlul0SvpQPltZxGmpjpyr71Ll9ywJ6","privKey":"KFX1o97rHi2Z6+Lm2rZXHI7daxqhz6UlI1yitwJ5dmM="},"lastRemoteEphemeralKey":"BYxun4tSxp4pm5yhgXnZFDaTkklQk76q2Iu5AVUS+CAn","previousCounter":0,"rootKey":"8I2duK6yzsSeyg+cqP4pJ490UJ0NYmMs5aBffSVqNxQ="},"indexInfo":{"baseKey":"BbOQIyldeTDd24HmBm7AlhZQMpgTUbqDPa31YrM/KA1Q","baseKeyType":2,"closed":-1,"used":1759871311043,"created":1759871311043,"remoteIdentityKey":"Bdk6veln//WTR0xVeyWQhuk6FJwT5SMqyzIrHYE3X3N0"},"_chains":{"BYxun4tSxp4pm5yhgXnZFDaTkklQk76q2Iu5AVUS+CAn":{"chainKey":{"counter":0,"key":"qBIaU/eDxcYYnDdfNLRgSwV5lmatfeyTwXqBDbYbIss="},"chainType":2,"messageKeys":{}},"BR5j3ARSGhw1e/Hlul0SvpQPltZxGmpjpyr71Ll9ywJ6":{"chainKey":{"counter":-1,"key":"Wt7s1ZtNkBWHR+qqNRmSh3VpBw/LYdFoya4HYKp/ioo="},"chainType":1,"messageKeys":{}}}}},"version":"v1"}