{"_sessions":{"BVHplo3w/X36B83tB6yEeYlx8icJMHlab9to2JL7UdwH":{"registrationId":829251212,"currentRatchet":{"ephemeralKeyPair":{"pubKey":"BYEeLzE6XZWN/8fT57oVgxa9qSAy0cpj2hzhJ5gU7ARd","privKey":"4El4pamfsXexyu5I8/SFEFP7rXPRLocvBrmqNFRJGVg="},"lastRemoteEphemeralKey":"BaeQfrBeNi9oJZlMWfXT8mPeT2FiePykXzwGsfGjQwE/","previousCounter":0,"rootKey":"O1pkmmnUggwspTFH+3c+EKYDLGMaGTeIiZzV1yTiKXI="},"indexInfo":{"baseKey":"BVHplo3w/X36B83tB6yEeYlx8icJMHlab9to2JL7UdwH","baseKeyType":2,"closed":-1,"used":1759871311362,"created":1759871311362,"remoteIdentityKey":"BdXOmXGBRchLA7709ncO24FhCLXJceN7Dp/JQRXWPXEw"},"_chains":{"BaeQfrBeNi9oJZlMWfXT8mPeT2FiePykXzwGsfGjQwE/":{"chainKey":{"counter":0,"key":"F8IvqOjwtW5/gR6uhI+O2Ayv94toYLpmq2AHsGih9PU="},"chainType":2,"messageKeys":{}},"BYEeLzE6XZWN/8fT57oVgxa9qSAy0cpj2hzhJ5gU7ARd":{"chainKey":{"counter":-1,"key":"fkMY1Ld21zJq5dV1AJvQp4dA47LcoDw+MJEvm5+sbL8="},"chainType":1,"messageKeys":{}}}}},"version":"v1"}