{"_sessions":{"BdkBABEVU7kv2ja973rSxnCt/kyUo5jUq/UK/6ZL4PAr":{"registrationId":591035488,"currentRatchet":{"ephemeralKeyPair":{"pubKey":"BcBuGMbTd8TIExEuyF9FDqQEqha22aciem5wr/QLFD0a","privKey":"4P23ZdJMCJEdtl8XnlUMQ4SwdFPepkNvmjfHv14Jpng="},"lastRemoteEphemeralKey":"Be1bP13OV9SuwcGF7o1yr/u3WnhMYhci+3aS9LGW9wQT","previousCounter":0,"rootKey":"8YBtpePxhdBhmtMen/+ybw9DH02TUdYn/ceUQcbXSws="},"indexInfo":{"baseKey":"BdkBABEVU7kv2ja973rSxnCt/kyUo5jUq/UK/6ZL4PAr","baseKeyType":2,"closed":-1,"used":1759871311062,"created":1759871311062,"remoteIdentityKey":"BdQfwh2U0ef3hPOM7ar2H/cExoB4OvN2/2xogtTtIKdx"},"_chains":{"Be1bP13OV9SuwcGF7o1yr/u3WnhMYhci+3aS9LGW9wQT":{"chainKey":{"counter":0,"key":"XURH2KztIv48uE4b7taylBekE1A23hxnDKYka7i2Ho0="},"chainType":2,"messageKeys":{}},"BcBuGMbTd8TIExEuyF9FDqQEqha22aciem5wr/QLFD0a":{"chainKey":{"counter":-1,"key":"Le9ISkpFSSWvt4bMSTVgSC6zstsORVf/KnglpzAPK2g="},"chainType":1,"messageKeys":{}}}}},"version":"v1"}