{"_sessions":{"Ba+VhVBl/hHLUrGpLqHwi4iAp4kvlA0U0Ybi9YHahNl5":{"registrationId":1554106336,"currentRatchet":{"ephemeralKeyPair":{"pubKey":"BbYEjKZtWfVsl3WUjW/+FP53VwzcKzwxYtUOkH+IQfxS","privKey":"yDIfUEcj7TV7VWon4FmC2az8Mwi2NdGz9Da5oRu5UlE="},"lastRemoteEphemeralKey":"BRk956G1D3E+64k0GqWWvIszazBurD4hQy/iyZ1IMBIZ","previousCounter":0,"rootKey":"AuSisKl1+2QtB4WvEeEHpuRZQLkUqZoAc/KbwVkUrBo="},"indexInfo":{"baseKey":"Ba+VhVBl/hHLUrGpLqHwi4iAp4kvlA0U0Ybi9YHahNl5","baseKeyType":2,"closed":-1,"used":1759871311122,"created":1759871311122,"remoteIdentityKey":"Bdv0zKy4SWEWKJLzxnyqkPnWQLcZ/WMU+66FXzLjMMB+"},"_chains":{"BRk956G1D3E+64k0GqWWvIszazBurD4hQy/iyZ1IMBIZ":{"chainKey":{"counter":0,"key":"asI6eGocz1OeG8+SibglSkGQjbU5kKmGEVKfzTe65XU="},"chainType":2,"messageKeys":{}},"BbYEjKZtWfVsl3WUjW/+FP53VwzcKzwxYtUOkH+IQfxS":{"chainKey":{"counter":-1,"key":"GA6kqOlzwl2+x8sQsHyQzpr2dckb9XhJ1Tf43NHhu5Y="},"chainType":1,"messageKeys":{}}}}},"version":"v1"}