{"_sessions":{"BcfO8jRO9W4rm4iJzKWpBLkduSIpbKgKsnFeLXXZQd0f":{"registrationId":1910507741,"currentRatchet":{"ephemeralKeyPair":{"pubKey":"BZ6/zU04/twgPTxD56AhNfipNj7wOjtbQNhO6xJ+Y34p","privKey":"AKUhrHX5X67FgHMI3usxIbX1htXdLQifvEtfS+Jc814="},"lastRemoteEphemeralKey":"BcC1h+rEtzduAHNqOLpxkfbHToqD0a2fHYPF47YVlw5+","previousCounter":0,"rootKey":"nJ2bhKcwZOKhZpED6vaUvzxnkuYOnq/l/o5cNkC9GcI="},"indexInfo":{"baseKey":"BcfO8jRO9W4rm4iJzKWpBLkduSIpbKgKsnFeLXXZQd0f","baseKeyType":2,"closed":-1,"used":1759871311046,"created":1759871311046,"remoteIdentityKey":"BWMRkM/WQoZdTfuJRWGACHg25smKHt8N0zkXYwbd8ag7"},"_chains":{"BcC1h+rEtzduAHNqOLpxkfbHToqD0a2fHYPF47YVlw5+":{"chainKey":{"counter":0,"key":"19uYVq85OiKHT5YudbWUu44mPyvNr5db3eWsStX+lkA="},"chainType":2,"messageKeys":{}},"BZ6/zU04/twgPTxD56AhNfipNj7wOjtbQNhO6xJ+Y34p":{"chainKey":{"counter":-1,"key":"KAQ9XauThYf+1R866BtTr2gj9JA4vmVI9AZK5mml3tU="},"chainType":1,"messageKeys":{}}}}},"version":"v1"}