{"_sessions":{"BUHPn6U/07sSsIR/wj+IklbbkxIETG2vS8QEvL58b/Ec":{"registrationId":1082967666,"currentRatchet":{"ephemeralKeyPair":{"pubKey":"Bf3s1n1kI/T+JgpUZjO63Kt5nfIwJvip5dJHagx5L25K","privKey":"uAp3k79ZHYzYJL5mCq3NyfLg9OXBfz2WcuTHfTsif1k="},"lastRemoteEphemeralKey":"BWQcIh1djQBP2KuF1vhf9Mkj1fdb63Ci1IIpCw7Iluh+","previousCounter":0,"rootKey":"mEpZn5y3klj5suB0QnEDZ31U8bvhFTPTo1RoeGeXjmk="},"indexInfo":{"baseKey":"BUHPn6U/07sSsIR/wj+IklbbkxIETG2vS8QEvL58b/Ec","baseKeyType":2,"closed":-1,"used":1759871311372,"created":1759871311372,"remoteIdentityKey":"BZm66tvrgalRb9gHDCxTEVjf9YCHZ+6Tjrrkzbo1ncI4"},"_chains":{"BWQcIh1djQBP2KuF1vhf9Mkj1fdb63Ci1IIpCw7Iluh+":{"chainKey":{"counter":0,"key":"cncUiV9j/ddMmg5+leAkf0s3wZp0UWOSX4dASaEobF0="},"chainType":2,"messageKeys":{}},"Bf3s1n1kI/T+JgpUZjO63Kt5nfIwJvip5dJHagx5L25K":{"chainKey":{"counter":-1,"key":"CO2TOfR4S28OkQU2L27Y3q2nhdVDoPxdH4+w4iErYJs="},"chainType":1,"messageKeys":{}}}}},"version":"v1"}