{"_sessions":{"Bfnh7HjkeVE46ROWvAVB0Em9XJ52e6rT0vM1TzoPgbhy":{"registrationId":2041560108,"currentRatchet":{"ephemeralKeyPair":{"pubKey":"BU6xVaLh63j2JkeUvXbVFtSCamukrXbC42004EixGblM","privKey":"yImx3bqPssuI4NWW/Nt31MiseLaVV0Uq4vFrSAPJLm8="},"lastRemoteEphemeralKey":"BVEszKIxqQx+k14cs9TR3VcaY+nchehCDst4qtbOmwE/","previousCounter":0,"rootKey":"tyqr9oEqtzEhkxeCAoO2AI8xJqldVF7k7Sb3J1POARI="},"indexInfo":{"baseKey":"Bfnh7HjkeVE46ROWvAVB0Em9XJ52e6rT0vM1TzoPgbhy","baseKeyType":2,"closed":-1,"used":1759871311030,"created":1759871311030,"remoteIdentityKey":"BRF4m03uUwsg6PHuiMCXFPZ+MFF/0AvOMqy3t1TTqcYE"},"_chains":{"BVEszKIxqQx+k14cs9TR3VcaY+nchehCDst4qtbOmwE/":{"chainKey":{"counter":0,"key":"MpHRpsouTyppivxEc6bhwaBDmNxDO+wW/d1eQTIkjAw="},"chainType":2,"messageKeys":{}},"BU6xVaLh63j2JkeUvXbVFtSCamukrXbC42004EixGblM":{"chainKey":{"counter":-1,"key":"AHxd8RSSNWhPEh21Ek4NR8zxIB7TAtJvzoKimCFfCEk="},"chainType":1,"messageKeys":{}}}}},"version":"v1"}