{"_sessions":{"BTyCGDfSCAVp1+Zi0R+ifFl9iLJgAykE2JbreEawLu9z":{"registrationId":669624673,"currentRatchet":{"ephemeralKeyPair":{"pubKey":"BcGTlgCkJXUCdV3MeLNzMhloSh3h25b/fc+aMpu86QIA","privKey":"6GKmb+Om2za3Rcjw9HyPVDtjqjPA8TwdYWKHDFJbc0Q="},"lastRemoteEphemeralKey":"BcsehTevAjq5jfaZ+ZR+/yjvria2h+xHA4kgT8qzLc9d","previousCounter":0,"rootKey":"it3xVBfK1PtD7qHSp7e00ZIyAg5tVcJZszREWpNVPPA="},"indexInfo":{"baseKey":"BTyCGDfSCAVp1+Zi0R+ifFl9iLJgAykE2JbreEawLu9z","baseKeyType":2,"closed":-1,"used":1759871311320,"created":1759871311320,"remoteIdentityKey":"BWbHvhLg1vw/SfuQpwC7mTRmKa4wsuy+CAHaBWg4Hckm"},"_chains":{"BcsehTevAjq5jfaZ+ZR+/yjvria2h+xHA4kgT8qzLc9d":{"chainKey":{"counter":0,"key":"LftYBngiX5bU1x9vmZE7UPu69S/YipVvXu+th0z1jaE="},"chainType":2,"messageKeys":{}},"BcGTlgCkJXUCdV3MeLNzMhloSh3h25b/fc+aMpu86QIA":{"chainKey":{"counter":-1,"key":"B74P9errK2zMH5xK8OXw5aWrHEl22aypsDl/a59XMIQ="},"chainType":1,"messageKeys":{}}}}},"version":"v1"}