{"_sessions":{"BdGyRO2//WV1l9icgo2QOxyNeo369qtKjgjjyfsW5L4t":{"registrationId":1719289481,"currentRatchet":{"ephemeralKeyPair":{"pubKey":"BYPxIA9FM0aCw+dGpt8VEV9Nz8r4tbcgz/K5xmp/m5F5","privKey":"UBiDhueCP0ZJEn0mxxwJqefjsbMjwB+OIia36Vdn0Vs="},"lastRemoteEphemeralKey":"BZ46WQn18AIK7aFWJcHLTByj0TDVyIo7iylm16MHyg0M","previousCounter":0,"rootKey":"GmJ5X0gSc+rQQ/vzix3CHLJ3+PD9V0NrWeqP0hCN9Vw="},"indexInfo":{"baseKey":"BdGyRO2//WV1l9icgo2QOxyNeo369qtKjgjjyfsW5L4t","baseKeyType":2,"closed":-1,"used":1759871311034,"created":1759871311034,"remoteIdentityKey":"BZj7LyuiMaL5brthMkv1w9eRFsjS3Pbw1KXpV3+nbNcy"},"_chains":{"BZ46WQn18AIK7aFWJcHLTByj0TDVyIo7iylm16MHyg0M":{"chainKey":{"counter":0,"key":"mvYvWdZMjNgTnbXCrXJNdTpvrzHyaOs0we9S9kmvSPs="},"chainType":2,"messageKeys":{}},"BYPxIA9FM0aCw+dGpt8VEV9Nz8r4tbcgz/K5xmp/m5F5":{"chainKey":{"counter":-1,"key":"aHcFe/CLcoiR5jgVEJLrkDR29qbYCvot5fux007WUag="},"chainType":1,"messageKeys":{}}}}},"version":"v1"}