{"_sessions":{"BYbzJSCmRfOOtOVyuClW00yduJRMzM9LyWUvrUa45v9t":{"registrationId":1902833420,"currentRatchet":{"ephemeralKeyPair":{"pubKey":"BV4YwcGJYFUEskzu/6ipPbw+Sx+kpW9YxkWBAzvCmx4c","privKey":"0Nyzm8YTuYkKCT39qurJ79skaC7Z8LH08r4OwogeRVI="},"lastRemoteEphemeralKey":"Bd30ThFId6uC+/U99B/qBjGQLqeMnD8a3O36jGP/pe8O","previousCounter":0,"rootKey":"KVmHXcfwL1XVYddnauUIoDFXlkhKb1unb8tMgu77f6c="},"indexInfo":{"baseKey":"BYbzJSCmRfOOtOVyuClW00yduJRMzM9LyWUvrUa45v9t","baseKeyType":2,"closed":-1,"used":1759871311243,"created":1759871311243,"remoteIdentityKey":"BdRxJz3Q+LojNJNzMPwk/Le9EQnjbcpDIfm7lvJUzkZe"},"_chains":{"Bd30ThFId6uC+/U99B/qBjGQLqeMnD8a3O36jGP/pe8O":{"chainKey":{"counter":0,"key":"dbHvHOyKE2hWPA5bWTxXNU46OYESX2fuZf87UTv5qDI="},"chainType":2,"messageKeys":{}},"BV4YwcGJYFUEskzu/6ipPbw+Sx+kpW9YxkWBAzvCmx4c":{"chainKey":{"counter":-1,"key":"i/kvRMnpwhyrRHedlBTuKiXTjSSj0/ZzpH0o2ZMe9zA="},"chainType":1,"messageKeys":{}}}}},"version":"v1"}