{"_sessions":{"BR9m9CB+vIa46Z6gSVisusmrFtQNSuVZV1EalrRaDqsg":{"registrationId":18361599,"currentRatchet":{"ephemeralKeyPair":{"pubKey":"BSDk9I6Zkobz+iLzot+HcyqUOKH3gMzkVPFKyQlp455v","privKey":"6H1Ury2mdSQLUF/DYkj/BypZa4M8zXB3GDPYwcFMXHQ="},"lastRemoteEphemeralKey":"Bd86xWNHEHvFgD77VcADM1YvdrAZE4HvZCuhiNQlc+oy","previousCounter":0,"rootKey":"61wh+Tzs3WsXEvi6i6hSi+weLmxRPknyGoVi+PGwZ0I="},"indexInfo":{"baseKey":"BR9m9CB+vIa46Z6gSVisusmrFtQNSuVZV1EalrRaDqsg","baseKeyType":2,"closed":-1,"used":1759871311076,"created":1759871311076,"remoteIdentityKey":"BU0vH7+JAStHMhnf0PukX5GCrYnfXdnSMY2xGnSMg7hd"},"_chains":{"Bd86xWNHEHvFgD77VcADM1YvdrAZE4HvZCuhiNQlc+oy":{"chainKey":{"counter":0,"key":"rz8wQeOQjCtY1CXS0e1KAU+5xURycqX8zrJIszfbNrc="},"chainType":2,"messageKeys":{}},"BSDk9I6Zkobz+iLzot+HcyqUOKH3gMzkVPFKyQlp455v":{"chainKey":{"counter":-1,"key":"MFOfLpX9vuJQ9qsMYl/UaaAmN1oTzhY+/WtbpnRcvTQ="},"chainType":1,"messageKeys":{}}}}},"version":"v1"}