{"_sessions":{"BUNHzEz1VnwJrICxNNJ+Xj+I2aC+TcFp+Wfpe4JVxmp2":{"registrationId":2086574297,"currentRatchet":{"ephemeralKeyPair":{"pubKey":"BcfOQkXj1QEqDPP4+V9yFE/BWpAxXHlr87VEpPQdkc5s","privKey":"eC+1eLTdBMZs686zf9uxB0jHt8VX5IefiDxyfHzScnA="},"lastRemoteEphemeralKey":"BYdsZIh8XGgtsJ2YIlmPuHFi2L1aTNejm597JBYQhWFq","previousCounter":0,"rootKey":"2yb0zCCGtYGUHYa2OOfQO0xq8MoI004lyQc+QKna8HU="},"indexInfo":{"baseKey":"BUNHzEz1VnwJrICxNNJ+Xj+I2aC+TcFp+Wfpe4JVxmp2","baseKeyType":2,"closed":-1,"used":1759871311001,"created":1759871311001,"remoteIdentityKey":"BQrcbcZPlyabZJVMPrC3ZOSR85uzeUBRHiZQBu/sU4EZ"},"_chains":{"BYdsZIh8XGgtsJ2YIlmPuHFi2L1aTNejm597JBYQhWFq":{"chainKey":{"counter":0,"key":"Tgrb/5fUgSH6i8AjfGKK6YycTmSsqgKQcQgPtpeOSnE="},"chainType":2,"messageKeys":{}},"BcfOQkXj1QEqDPP4+V9yFE/BWpAxXHlr87VEpPQdkc5s":{"chainKey":{"counter":-1,"key":"RVfKp6RFiw+eFQTUornWxnzyFFeZ4Y/tU2GxsfXQp+s="},"chainType":1,"messageKeys":{}}}}},"version":"v1"}