{"_sessions":{"BVY3WBXAZNyQlFnowms7JtOPXQDXnyTuxYCF/may4ZRs":{"registrationId":37810382,"currentRatchet":{"ephemeralKeyPair":{"pubKey":"BaHlXMxU6AN9hMIwO7EAYCaKyUEPPH9fVviNAGEKf+BC","privKey":"QPz0r9Ik6aAvWdWlkbK0O80EFcrGLO57BIFe0oO0WVw="},"lastRemoteEphemeralKey":"Bdy6SWGdDQqEEr+M+TBeYJlO4FKdocYOrFdm+yj5HhZ5","previousCounter":0,"rootKey":"CQ6VbFlmq/Oe3IcDoKreE430we+YNyyFG8eYkdtMSvc="},"indexInfo":{"baseKey":"BVY3WBXAZNyQlFnowms7JtOPXQDXnyTuxYCF/may4ZRs","baseKeyType":2,"closed":-1,"used":1759871311010,"created":1759871311010,"remoteIdentityKey":"BdE0ZwcXKBltghuWHsfRw6DnYTpzjaLwsjNblSG5s1d7"},"_chains":{"Bdy6SWGdDQqEEr+M+TBeYJlO4FKdocYOrFdm+yj5HhZ5":{"chainKey":{"counter":0,"key":"AX2deJHjKAwlqNAE4hMCnro2igWIQWe/3kIBdPRpYeE="},"chainType":2,"messageKeys":{}},"BaHlXMxU6AN9hMIwO7EAYCaKyUEPPH9fVviNAGEKf+BC":{"chainKey":{"counter":-1,"key":"XimuQ0HWi4lz1iRez+Z2alp+OxDw87ERM22gdg7OVms="},"chainType":1,"messageKeys":{}}}}},"version":"v1"}