{"_sessions":{"BdSrt/gjDapGhavg5qVQOG1EUz1Rslfob5Ee9oU60m1P":{"registrationId":1106346678,"currentRatchet":{"ephemeralKeyPair":{"pubKey":"BT+pyjALdEEIyvl7YlONwxBDD5XdifiyKhGZ3nxY6Gkx","privKey":"UDy+Q1H3tis+kj/U/J5QtJ5Hqv2nA82uehCskNClpm0="},"lastRemoteEphemeralKey":"BR6YczGKXZWY7JCzg3G++OcVrWHq+tx3JwVSUvsQl4hs","previousCounter":0,"rootKey":"Csu5n205zGHc5E6Ok2iTuLSqI7lMGXgMCnpP58QyYr8="},"indexInfo":{"baseKey":"BdSrt/gjDapGhavg5qVQOG1EUz1Rslfob5Ee9oU60m1P","baseKeyType":2,"closed":-1,"used":1759871311273,"created":1759871311273,"remoteIdentityKey":"BWFqNEc5babLMO1aURzClwIkgfbL0VqsTchZHP0mFGVp"},"_chains":{"BR6YczGKXZWY7JCzg3G++OcVrWHq+tx3JwVSUvsQl4hs":{"chainKey":{"counter":0,"key":"0rHg6l237c5hqpUAhiX9cNfGdZnTjecB4/NcHVn/bk0="},"chainType":2,"messageKeys":{}},"BT+pyjALdEEIyvl7YlONwxBDD5XdifiyKhGZ3nxY6Gkx":{"chainKey":{"counter":-1,"key":"sOu7TiJNgUmdCnccYkPPdZCezqNjjTKsYqCP/6sOphQ="},"chainType":1,"messageKeys":{}}}}},"version":"v1"}