{"_sessions":{"BdOWfMXFdmoiRI5m8XpFxUybS56C1UbVnstlrjukdscG":{"registrationId":127824637,"currentRatchet":{"ephemeralKeyPair":{"pubKey":"BcoUAqtZx8VSFzEbmFav9M/q3ADsxkCQHXA+9AEyhBYq","privKey":"MD0PMeD+aFfaQAnq5PK7UpwWXfJs4UluevaVFSG6VVo="},"lastRemoteEphemeralKey":"Bf/CDpdK5hbX/Hu60jjOMcCEpcqNQZ82laWfe/h5aah1","previousCounter":0,"rootKey":"OKgPOkNgeNOiWxM+jMT/kDhkmBTTEqrc3N6mVT7bdgE="},"indexInfo":{"baseKey":"BdOWfMXFdmoiRI5m8XpFxUybS56C1UbVnstlrjukdscG","baseKeyType":2,"closed":-1,"used":1759871311066,"created":1759871311066,"remoteIdentityKey":"BTJm/AfLgE9v6hzPnuHSnrjYaVuilme3BuWZpxYjPPos"},"_chains":{"Bf/CDpdK5hbX/Hu60jjOMcCEpcqNQZ82laWfe/h5aah1":{"chainKey":{"counter":0,"key":"kWEFBsb5Tt/dlL7VdIyPWe7AT+xE3CCABRRA3Fmc9AA="},"chainType":2,"messageKeys":{}},"BcoUAqtZx8VSFzEbmFav9M/q3ADsxkCQHXA+9AEyhBYq":{"chainKey":{"counter":-1,"key":"+pIA0uLY3G8RXQdWg8ehfBbslZ1QDEJhZGOIm6sJK1w="},"chainType":1,"messageKeys":{}}}}},"version":"v1"}