{"_sessions":{"BeHBBVqJx+3AN+vUh59BABztmUCj3mS68Ik0rIGNvRYv":{"registrationId":119121369,"currentRatchet":{"ephemeralKeyPair":{"pubKey":"BXkfelZt/ZyI18Onf1DZyij/t6aYJ7NfyBnZnZilI25s","privKey":"gGo9pp7LUSypgaX2oyPQBG9YHBnY4EhrucgC7QuLREI="},"lastRemoteEphemeralKey":"BQXHjM3Ke/4zf8/RaCUcfViwH9uCWGyO0cUfjuCxg8A8","previousCounter":0,"rootKey":"aiaDR8kq1NucEPS0XXuDSF3REirDI+E6D+7KRvMzOs0="},"indexInfo":{"baseKey":"BeHBBVqJx+3AN+vUh59BABztmUCj3mS68Ik0rIGNvRYv","baseKeyType":2,"closed":-1,"used":1759871311189,"created":1759871311189,"remoteIdentityKey":"BV3VMkX45H2cn1JgRYI+CZHQ1WU0F0J84qQTeJozg1cq"},"_chains":{"BQXHjM3Ke/4zf8/RaCUcfViwH9uCWGyO0cUfjuCxg8A8":{"chainKey":{"counter":0,"key":"bXXoEPMApcXZrgbGiw/4Li448/477xIjFjQQRrIwbyw="},"chainType":2,"messageKeys":{}},"BXkfelZt/ZyI18Onf1DZyij/t6aYJ7NfyBnZnZilI25s":{"chainKey":{"counter":-1,"key":"7m4uqjD9EzobxxWd8DhyEx1CHUf2/ToJDczumSjqRSE="},"chainType":1,"messageKeys":{}}}}},"version":"v1"}