{"_sessions":{"BXtKZcjCRiTIeDGZY86nqEVE6ysvz14FHxhhMirg1HgX":{"registrationId":1971937147,"currentRatchet":{"ephemeralKeyPair":{"pubKey":"BVnQZNjbimu1fIruLqerc8JogeUIwDvNa7ttp+mOKkRE","privKey":"8BOoQLGJgGh8ukHdemPPzYmyP+1azMQao1Q9wFdTvVM="},"lastRemoteEphemeralKey":"BS6JD8OJuBBURW00EiwPqoKbA0EL6t/hHz1zoT021LJT","previousCounter":0,"rootKey":"NpGm+Vx8CR2N3ecHmMgQEvEKYMF4SOS1T/wSuQlMz3M="},"indexInfo":{"baseKey":"BXtKZcjCRiTIeDGZY86nqEVE6ysvz14FHxhhMirg1HgX","baseKeyType":2,"closed":-1,"used":1759871311323,"created":1759871311323,"remoteIdentityKey":"BZocqm+vK+oKybj+/G2xiJnsweUzFv1TReW2QsPR8/pX"},"_chains":{"BS6JD8OJuBBURW00EiwPqoKbA0EL6t/hHz1zoT021LJT":{"chainKey":{"counter":0,"key":"ySJggEOXcY44NaqTyoZ9pyMAKSe/qN9HkuV7RNihCsc="},"chainType":2,"messageKeys":{}},"BVnQZNjbimu1fIruLqerc8JogeUIwDvNa7ttp+mOKkRE":{"chainKey":{"counter":-1,"key":"xkz27oBDfsa+Vz6YJkUPHr8FL7S6lzSrX+oSnnPgiX8="},"chainType":1,"messageKeys":{}}}}},"version":"v1"}