{"_sessions":{"Bf7U7Lef+27BLcHWiLVMnQo8NTUMkVB++uNm7Jn3+Cl4":{"registrationId":406488495,"currentRatchet":{"ephemeralKeyPair":{"pubKey":"Bcp2AagcnrZqzMuoyZ8qQSzcvL0SZcwh4Vimu4b+m64t","privKey":"4BKXcIQ3H6fTtbmGG7gvMAnbXXdCEA+lzpwkq456eVc="},"lastRemoteEphemeralKey":"BWFaNFA/SYEJ8IlMni+/rDvOeU18TwuAxM76D6YGQXsd","previousCounter":0,"rootKey":"bCObGXm2/oFgr1Ds1VyCTJZxhHauQpWwEKwnW6K4k6E="},"indexInfo":{"baseKey":"Bf7U7Lef+27BLcHWiLVMnQo8NTUMkVB++uNm7Jn3+Cl4","baseKeyType":2,"closed":-1,"used":1759871311237,"created":1759871311237,"remoteIdentityKey":"BeN5bYuEVNzFV15uo+IWuEuLmkfESzKHILQnx5m3wVxU"},"_chains":{"BWFaNFA/SYEJ8IlMni+/rDvOeU18TwuAxM76D6YGQXsd":{"chainKey":{"counter":0,"key":"GAT8u7nn+Jp0DNJwwzueQOBc/LSPPfNcRukR/83e+/o="},"chainType":2,"messageKeys":{}},"Bcp2AagcnrZqzMuoyZ8qQSzcvL0SZcwh4Vimu4b+m64t":{"chainKey":{"counter":-1,"key":"MY+APjjOHnJTHOqjkOzLKx/mi2M8d5pgXz9hEjJO6/g="},"chainType":1,"messageKeys":{}}}}},"version":"v1"}