{"_sessions":{"BYsFabFvRD6ZsESdOEfdwWztk3l4QkkCnm+PbB5eJg9M":{"registrationId":1411474334,"currentRatchet":{"ephemeralKeyPair":{"pubKey":"BUqDpXM4qrIIKs44Wzt5S3XBZgZRvi2DSt39I14MfFl5","privKey":"eHg6Mc1vSGed+qf4cQoZ/BmvjVIBSwOXEYNuRxv8oWk="},"lastRemoteEphemeralKey":"BXHgRMhQxLSsdtHeF8UxQQ6omoKxJ26FNcE04UeYuy1+","previousCounter":0,"rootKey":"hjBrwPTIR51v47nXu65N0j1AWc7xu4wzn31QMWmSsIM="},"indexInfo":{"baseKey":"BYsFabFvRD6ZsESdOEfdwWztk3l4QkkCnm+PbB5eJg9M","baseKeyType":2,"closed":-1,"used":1759871311154,"created":1759871311154,"remoteIdentityKey":"BQBW0LACjw/M1KLzdomHnSNzbrqtMvUJsX53WZqjUHFD"},"_chains":{"BXHgRMhQxLSsdtHeF8UxQQ6omoKxJ26FNcE04UeYuy1+":{"chainKey":{"counter":0,"key":"7+l443e11aasrZT6XEEU8+SMLegDAWnLtlCP8NDm3y0="},"chainType":2,"messageKeys":{}},"BUqDpXM4qrIIKs44Wzt5S3XBZgZRvi2DSt39I14MfFl5":{"chainKey":{"counter":-1,"key":"SWshz19215ByRUttlu6KBb8htCRam2vZ19CxtLeXuhA="},"chainType":1,"messageKeys":{}}}}},"version":"v1"}