{"_sessions":{"BQztXI+wp91Xm33gcbTTaDmrB6mqaoOva15Vi0Xsmqk3":{"registrationId":426224167,"currentRatchet":{"ephemeralKeyPair":{"pubKey":"BVTExw1kjdrT6q+lGz+cTxymQMaW4kYGlV6dKoRoXvdX","privKey":"OCJUJbHEzppQSYnJmofOInIexs0AXgJGfoIuqw7XN0A="},"lastRemoteEphemeralKey":"BSM+14ZrRYN/K2Y84K+mvG3XMglgxZotxRwUnCJR6wpP","previousCounter":0,"rootKey":"OmG/u1T5d7t9xraxg3XrnuM9Xq6ZliWkFhVsYvkXCks="},"indexInfo":{"baseKey":"BQztXI+wp91Xm33gcbTTaDmrB6mqaoOva15Vi0Xsmqk3","baseKeyType":2,"closed":-1,"used":1759871311150,"created":1759871311150,"remoteIdentityKey":"BQKrveVKZpy7mlmUNSdH94b5k/HElyh4HYTnB3ZQEhg0"},"_chains":{"BSM+14ZrRYN/K2Y84K+mvG3XMglgxZotxRwUnCJR6wpP":{"chainKey":{"counter":0,"key":"HLo8zUScxH9loPKlFaTLdISas/Ul7iaNTSL/ewYLId0="},"chainType":2,"messageKeys":{}},"BVTExw1kjdrT6q+lGz+cTxymQMaW4kYGlV6dKoRoXvdX":{"chainKey":{"counter":-1,"key":"UnIIdSvzo2fsMGHydK7EjGqvLs7dO8m0+ilxTGAorjE="},"chainType":1,"messageKeys":{}}}}},"version":"v1"}