{"_sessions":{"BcGZ0yDyho5eXW3f3qQi+HEdu2+qLqK9WDEC5tt8hXlQ":{"registrationId":915747859,"currentRatchet":{"ephemeralKeyPair":{"pubKey":"BbuS0PCAFJJKVcG+gmQHB9O8kdyuZ0GmdvUP7WhhCWZe","privKey":"OKSrtmTidccK9Q8Ed2DIPmnM/QIdsMs77a7YqKtnc2g="},"lastRemoteEphemeralKey":"BeW+gNyNgAA/pLI9NvLbeUdjCFnA8dLSwmHv7yQLTOVI","previousCounter":0,"rootKey":"Zxwnkz1M+W47E+50dV3JwWjCXnp3BBoT9GDI2qJOIfA="},"indexInfo":{"baseKey":"BcGZ0yDyho5eXW3f3qQi+HEdu2+qLqK9WDEC5tt8hXlQ","baseKeyType":2,"closed":-1,"used":1759871311026,"created":1759871311026,"remoteIdentityKey":"BRkyLTB7RGEOyyPFlzheDx11zhQxxvlPKVipIv+otG9F"},"_chains":{"BeW+gNyNgAA/pLI9NvLbeUdjCFnA8dLSwmHv7yQLTOVI":{"chainKey":{"counter":0,"key":"fn/5lArKl7DOjTn48r+uL8vU0k7AnTOdpIXNCq9bjdM="},"chainType":2,"messageKeys":{}},"BbuS0PCAFJJKVcG+gmQHB9O8kdyuZ0GmdvUP7WhhCWZe":{"chainKey":{"counter":-1,"key":"TMp4gGlXpW6+/lHFHMbkNmIUt6xWT1aUcZollxjm19w="},"chainType":1,"messageKeys":{}}}}},"version":"v1"}