{"_sessions":{"BXTILUBYdakT3hIQxUFBb9Gl/KnXDNhR/Bl/EmfoAZ5S":{"registrationId":1672766483,"currentRatchet":{"ephemeralKeyPair":{"pubKey":"BRolTE0necCHhfAFIZcyOKmRzQAffIkMmCUFDwOu7M82","privKey":"gASVBstlnews6QXnm0lwaK1F4uRq/snDVLyNvxr11VM="},"lastRemoteEphemeralKey":"BSG8Wf4oYpv8GYuc/NZE1BCxZUVF/yA49WtwsKIjSq9i","previousCounter":0,"rootKey":"t7l2eaJ4MnQqFFnLiFd5W03rQPRq8rCdA+aet+exl9I="},"indexInfo":{"baseKey":"BXTILUBYdakT3hIQxUFBb9Gl/KnXDNhR/Bl/EmfoAZ5S","baseKeyType":2,"closed":-1,"used":1759871311386,"created":1759871311386,"remoteIdentityKey":"BRKkQdK3J1i9wg1m61NU0cGi9uZLN7rObRCtbPMuj/xX"},"_chains":{"BSG8Wf4oYpv8GYuc/NZE1BCxZUVF/yA49WtwsKIjSq9i":{"chainKey":{"counter":0,"key":"3JDwDAj8vPURRhTczSfkyVxt3Q4Fatv2CEHXSrLMQDY="},"chainType":2,"messageKeys":{}},"BRolTE0necCHhfAFIZcyOKmRzQAffIkMmCUFDwOu7M82":{"chainKey":{"counter":-1,"key":"9i3bvG7O1p0k1rQ9DKoJBdajKRk+ZANE/0bTAxIgCvk="},"chainType":1,"messageKeys":{}}}}},"version":"v1"}