{"_sessions":{"Bdl/lFhHG8m4a4U4iIpMZY3G/XJg+ibYRDw/3joqKwFr":{"registrationId":1422791701,"currentRatchet":{"ephemeralKeyPair":{"pubKey":"BTrHxPf0cX9Z+qiEFU3LqzTgDLiY43eGmQ5TC4LalTIP","privKey":"aCL23+D1Vn7Bwrm7RW1dgUt9BbQ16KP95nN3Ze4Gd1o="},"lastRemoteEphemeralKey":"BYwLTmCNtJqWvbXZpFOXoydbs7r1CsR6RGMIICqhzKtS","previousCounter":0,"rootKey":"/JGbwrLa6XfJA9enffrHnuNNgVmmNbmVx6Sj91wU2jA="},"indexInfo":{"baseKey":"Bdl/lFhHG8m4a4U4iIpMZY3G/XJg+ibYRDw/3joqKwFr","baseKeyType":2,"closed":-1,"used":1759871311317,"created":1759871311317,"remoteIdentityKey":"BXa6FlV9/A/oREz/kuIa3NgkAtcG/VyU5qO0T4wIZ5Fe"},"_chains":{"BYwLTmCNtJqWvbXZpFOXoydbs7r1CsR6RGMIICqhzKtS":{"chainKey":{"counter":0,"key":"+TzNGmv6sjWi3aB14jUsTk5DSEte81++FDWk2YLUngI="},"chainType":2,"messageKeys":{}},"BTrHxPf0cX9Z+qiEFU3LqzTgDLiY43eGmQ5TC4LalTIP":{"chainKey":{"counter":-1,"key":"h6VMl9Z2uNJ2hhi6bFRjefkoxDQTfnvupq+0cPECxdI="},"chainType":1,"messageKeys":{}}}}},"version":"v1"}