{"_sessions":{"BffZiXMBDa5yoDR8r506tf0dP++PM+PZQCwa3RgnTKAT":{"registrationId":441280126,"currentRatchet":{"ephemeralKeyPair":{"pubKey":"BdzHuFPvibaLZDLptxY2aqcVzTd5cNyevyWaxCUXF7kG","privKey":"kC9baohWtjJ7VtiRrC6jduj2RQn3msGt+jaKFlPJjUQ="},"lastRemoteEphemeralKey":"BQ8/Pd6pXy7Yec3daBDdT0Wf+VFfAumEmD5oKjqUz9Jj","previousCounter":0,"rootKey":"hhGtL2dfSKzMROHNxLy7VNoxhz6YXoiGsrx29O9tLaQ="},"indexInfo":{"baseKey":"BffZiXMBDa5yoDR8r506tf0dP++PM+PZQCwa3RgnTKAT","baseKeyType":2,"closed":-1,"used":1759871311249,"created":1759871311249,"remoteIdentityKey":"BW4KY7yBPOeNNFhlNUSe9ms0HeL4UJuilPvlgQcNc5Ne"},"_chains":{"BQ8/Pd6pXy7Yec3daBDdT0Wf+VFfAumEmD5oKjqUz9Jj":{"chainKey":{"counter":0,"key":"t3KDBr2rDliPWgNNHhbgnfxo5+0ZxMyhhslQlhDgoF8="},"chainType":2,"messageKeys":{}},"BdzHuFPvibaLZDLptxY2aqcVzTd5cNyevyWaxCUXF7kG":{"chainKey":{"counter":-1,"key":"3kv/WzWv8HA2HKNPgTnzZAZkcua972/4cj6ap6zb5fg="},"chainType":1,"messageKeys":{}}}}},"version":"v1"}