{"_sessions":{"BZ7O2c+oZU2f7wBtVM0kI10rK6Rm3YSEFpxL719alVkT":{"registrationId":1415657769,"currentRatchet":{"ephemeralKeyPair":{"pubKey":"Be+eNj0LyTqpzUV4JZavBQ9q8CkyXWHgRmutyUuVkvBe","privKey":"kKxHFw91k5bdx0ZzWnq7d705KL/LmZgt/ncvfqV1Sng="},"lastRemoteEphemeralKey":"BdBdDuqjuQ1V9vinMGfPL6EWLct0jd6aT4lhjwpfCZh4","previousCounter":0,"rootKey":"OYK9KGBChP8ujGxfXD8GnW5Gr2+wQEexTD69vIWKwoA="},"indexInfo":{"baseKey":"BZ7O2c+oZU2f7wBtVM0kI10rK6Rm3YSEFpxL719alVkT","baseKeyType":2,"closed":-1,"used":1759871311177,"created":1759871311177,"remoteIdentityKey":"BW9Xz+2Bi089uD+HojlaiDMgZB6h9dTMx70hhFgL6sB2"},"_chains":{"BdBdDuqjuQ1V9vinMGfPL6EWLct0jd6aT4lhjwpfCZh4":{"chainKey":{"counter":0,"key":"u9lHcJxGwwhW0GWRJ0p035whgqOsxrLIcLJH/DNb3gI="},"chainType":2,"messageKeys":{}},"Be+eNj0LyTqpzUV4JZavBQ9q8CkyXWHgRmutyUuVkvBe":{"chainKey":{"counter":-1,"key":"6CkRFlHI2udaoILx8dQ0LNKhkP6hDh48M+6b6mL5S58="},"chainType":1,"messageKeys":{}}}}},"version":"v1"}