{"_sessions":{"BXBPE0T4Ot9DgoXyyvE55r55JfcYDtG+zGD2x7MANkBq":{"registrationId":481400910,"currentRatchet":{"ephemeralKeyPair":{"pubKey":"BVC0NgCFRJWiKpMoPF5FIEXhJr369cvyN6onvlVNGuV8","privKey":"kHq0TFEZWI8b9hmfvt2RKJ1rH+eDDEKnywSMXvt07G8="},"lastRemoteEphemeralKey":"BQnWABQTedCn2wSqZqdESFfMxzQSvy5MScHHrYmiPMtU","previousCounter":0,"rootKey":"ZOBmgHKTgZQzgZfouIksbZ6rlP5I23qNR0wlwWCy4B4="},"indexInfo":{"baseKey":"BXBPE0T4Ot9DgoXyyvE55r55JfcYDtG+zGD2x7MANkBq","baseKeyType":2,"closed":-1,"used":1759871311058,"created":1759871311058,"remoteIdentityKey":"BVmb9IaBuTo1a/QLaHk3ZIHaZDCHNc05M3XF8NrW31Ui"},"_chains":{"BQnWABQTedCn2wSqZqdESFfMxzQSvy5MScHHrYmiPMtU":{"chainKey":{"counter":0,"key":"6iKiIjFH1QVjheum0NC86Uw5XwSh2mDbJ2g66B4fMa8="},"chainType":2,"messageKeys":{}},"BVC0NgCFRJWiKpMoPF5FIEXhJr369cvyN6onvlVNGuV8":{"chainKey":{"counter":-1,"key":"0B2dYBgIjSVDE4bDESE0qo0sScYE/QTaurLrjFhw2Wc="},"chainType":1,"messageKeys":{}}}}},"version":"v1"}