{"_sessions":{"BdFIoi5826xn0xdxBoslk9ZRrcx9ode0WjnQzuvtezNl":{"registrationId":1061775760,"currentRatchet":{"ephemeralKeyPair":{"pubKey":"BUF2Jv6I+QUYOPpXMnfrGtNZOWdL0C3fmmJf5IWo0Y5n","privKey":"EAwSktrTWzx/00eCXXGChQdv0GePfjQ3nOBpXXOPKkI="},"lastRemoteEphemeralKey":"Bb5HvG0Q+s/XA2GjC0h0RfloY3opYqodjjyHMQSZsW4x","previousCounter":0,"rootKey":"aMW2o32GrDx5uY6EtTOA/9zdF6WqX/VFazAD51L0La0="},"indexInfo":{"baseKey":"BdFIoi5826xn0xdxBoslk9ZRrcx9ode0WjnQzuvtezNl","baseKeyType":1,"closed":1759871444808,"used":1759871187893,"created":1759871187893,"remoteIdentityKey":"BY7d0VYi6NYdKeR3M0VFaHiVIAzTaNs4WzjQv13Zoete"},"_chains":{"BUF2Jv6I+QUYOPpXMnfrGtNZOWdL0C3fmmJf5IWo0Y5n":{"chainKey":{"counter":8,"key":"KKlLO6CmOaeETeplgll8jJKR7dXASqj0gQmVowRrxDE="},"chainType":1,"messageKeys":{}}},"pendingPreKey":{"signedKeyId":1,"baseKey":"BdFIoi5826xn0xdxBoslk9ZRrcx9ode0WjnQzuvtezNl","preKeyId":1652}},"BcgWk0mO99Fo8P5x8Gih7Bp6y0ziB2DrfdCydo/VuUVH":{"registrationId":1061775760,"currentRatchet":{"ephemeralKeyPair":{"pubKey":"BXi+NphR9FrcUt4vZZKLsqXMKn30Ca2kNQB+pLpbFQNA","privKey":"cOWcIlm+3fLaRHom4+Kr0QBWIwBBo9Imau7NDL0uMms="},"lastRemoteEphemeralKey":"Bb5HvG0Q+s/XA2GjC0h0RfloY3opYqodjjyHMQSZsW4x","previousCounter":0,"rootKey":"TBGuZz9YlLF/DGrSYVFp8yhKjEKNPLLBVwQXUDXcGUg="},"indexInfo":{"baseKey":"BcgWk0mO99Fo8P5x8Gih7Bp6y0ziB2DrfdCydo/VuUVH","baseKeyType":1,"closed":1759871444926,"used":1759871444806,"created":1759871444806,"remoteIdentityKey":"BY7d0VYi6NYdKeR3M0VFaHiVIAzTaNs4WzjQv13Zoete"},"_chains":{"BXi+NphR9FrcUt4vZZKLsqXMKn30Ca2kNQB+pLpbFQNA":{"chainKey":{"counter":-1,"key":"JSTwrY6zf3/Y1qmxAmgrliwDTm7JKT90ZB15MtR4Bxc="},"chainType":1,"messageKeys":{}}},"pendingPreKey":{"signedKeyId":1,"baseKey":"BcgWk0mO99Fo8P5x8Gih7Bp6y0ziB2DrfdCydo/VuUVH","preKeyId":1545}},"BddGRTRGfIRSeefBsEDcLjcLIraf8LL0861e5Eo4jwA/":{"registrationId":1061775760,"currentRatchet":{"ephemeralKeyPair":{"pubKey":"BevQ3boIhKs44Yz9ua3Q9qcV1XK6CHsgm01SfSorxzRC","privKey":"8KHZY+wy+XztWT60qKNRr/lARX/I/sJsBQx1rNjHw0Q="},"lastRemoteEphemeralKey":"Bb5HvG0Q+s/XA2GjC0h0RfloY3opYqodjjyHMQSZsW4x","previousCounter":0,"rootKey":"wbMT4X1sP6d+8HYPJx+woHrFlaRb4iAruEmiflDrz5E="},"indexInfo":{"baseKey":"BddGRTRGfIRSeefBsEDcLjcLIraf8LL0861e5Eo4jwA/","baseKeyType":1,"closed":-1,"used":1759871444924,"created":1759871444924,"remoteIdentityKey":"BY7d0VYi6NYdKeR3M0VFaHiVIAzTaNs4WzjQv13Zoete"},"_chains":{"BevQ3boIhKs44Yz9ua3Q9qcV1XK6CHsgm01SfSorxzRC":{"chainKey":{"counter":11,"key":"RA2V7auaX/AnBCg8+9m51IL2uMIwzAfF0QZg81WSwe0="},"chainType":1,"messageKeys":{}}},"pendingPreKey":{"signedKeyId":1,"baseKey":"BddGRTRGfIRSeefBsEDcLjcLIraf8LL0861e5Eo4jwA/","preKeyId":907}}},"version":"v1"}