{"_sessions":{"BV1csqZ5m2SXBqhgePRshhcoA4v9RGw92Q4mraQHLLlD":{"registrationId":200747503,"currentRatchet":{"ephemeralKeyPair":{"pubKey":"BXraB14H/26MaedCenvB8Xk2iYQ4P0sT+9V7R6sTwT1o","privKey":"+KUQu6X5sm4LAM1G5zRSVa9mESFdst7hmNRtISDiY3s="},"lastRemoteEphemeralKey":"BSDkTgQ13dy6jEWpDMSXdGqcGN/CJVnPlBtqh+TGD/wq","previousCounter":0,"rootKey":"p8rY289J6ooLCrO6dQcZlyyTurI3rwT7hZNgkDuws40="},"indexInfo":{"baseKey":"BV1csqZ5m2SXBqhgePRshhcoA4v9RGw92Q4mraQHLLlD","baseKeyType":2,"closed":-1,"used":1759871311053,"created":1759871311053,"remoteIdentityKey":"BQwHTpinPgKySsPDx6/gdg5ez/DtXIOYvVLjdL0QaDQm"},"_chains":{"BSDkTgQ13dy6jEWpDMSXdGqcGN/CJVnPlBtqh+TGD/wq":{"chainKey":{"counter":0,"key":"03yAqpZ0UfDTtMCGapqumyffCL6wadE514DuAq96jFQ="},"chainType":2,"messageKeys":{}},"BXraB14H/26MaedCenvB8Xk2iYQ4P0sT+9V7R6sTwT1o":{"chainKey":{"counter":-1,"key":"BXNAuvocBLz3t8A4owsIWTi0w/kJVx8+XyUEghkoom0="},"chainType":1,"messageKeys":{}}}}},"version":"v1"}