{"_sessions":{"BZB0FeztwDv+8J6idmZyILuyRp6bjs2efY6l5J0y2pAr":{"registrationId":1838427157,"currentRatchet":{"ephemeralKeyPair":{"pubKey":"BV+I0UxPn1tMHKAdUw6BPPuVgsRORIcmyU3r7sXEvQU+","privKey":"UMm/2gekI6PN4WKncOxjIRsWBRbY+ueL8JR7o0x5XUY="},"lastRemoteEphemeralKey":"BfZe+VthHoArn1127vOzGN0Fw/l56I5Yh9aZ36s7UyQS","previousCounter":0,"rootKey":"MUp8Dl56hqL6dmAt6gFddslyLYlDVzW4JGjgXa5gjMw="},"indexInfo":{"baseKey":"BZB0FeztwDv+8J6idmZyILuyRp6bjs2efY6l5J0y2pAr","baseKeyType":2,"closed":-1,"used":1759871311268,"created":1759871311268,"remoteIdentityKey":"BVzQD6/IasIjp4mmeKLACbz8lkkWB1v2AQl1rqIMFAMO"},"_chains":{"BfZe+VthHoArn1127vOzGN0Fw/l56I5Yh9aZ36s7UyQS":{"chainKey":{"counter":0,"key":"ct0SwwiqGPn8ftcV2CcWihkxABdHwRbYMkVcl4hUzSE="},"chainType":2,"messageKeys":{}},"BV+I0UxPn1tMHKAdUw6BPPuVgsRORIcmyU3r7sXEvQU+":{"chainKey":{"counter":-1,"key":"SPJAV5LeSiCNIiF1F/eLEKKAiNXPOE6KcBBqhE15Mok="},"chainType":1,"messageKeys":{}}}}},"version":"v1"}