{"_sessions":{"BWUIzcE7nsKWNrytPNZZAIkxJ1ySxWZ+6hCyTngozW5S":{"registrationId":1847959181,"currentRatchet":{"ephemeralKeyPair":{"pubKey":"Bd9ittoz/Bm/TChMoNUIB+FwbxCcoRZTOKvfE+hQQQk0","privKey":"mGVVzrOnSpY6U5Qc+yxuEMQC2mHMY3juSb74drRv0mY="},"lastRemoteEphemeralKey":"BX6NabCzfDpJtlQTCDQ5i2zQBtvhGNpO76CUmDgHTtRO","previousCounter":0,"rootKey":"yy2ZZAikEn2cXdBCHIylDEiM8xmATDWb9qm/Xlb7r2o="},"indexInfo":{"baseKey":"BWUIzcE7nsKWNrytPNZZAIkxJ1ySxWZ+6hCyTngozW5S","baseKeyType":2,"closed":-1,"used":1759871310954,"created":1759871310954,"remoteIdentityKey":"BaE3vE/8paXhn7vQ5Sr+EDutzustwjTcm2e2jSwZKB9l"},"_chains":{"BX6NabCzfDpJtlQTCDQ5i2zQBtvhGNpO76CUmDgHTtRO":{"chainKey":{"counter":0,"key":"u6DF7yz1utV0JIN/YqGXx8mA87RL7NQNvnPyLTAVwnM="},"chainType":2,"messageKeys":{}},"Bd9ittoz/Bm/TChMoNUIB+FwbxCcoRZTOKvfE+hQQQk0":{"chainKey":{"counter":-1,"key":"YrlzYF0t/zaatfdfZkqFg+BL5yup1ANtu1rMGopQ7EU="},"chainType":1,"messageKeys":{}}}}},"version":"v1"}