{"_sessions":{"Bcz4zL0N9SHbqsYESlSjOfp2O+ht6EzXcSZmElnp8LIa":{"registrationId":196,"currentRatchet":{"ephemeralKeyPair":{"pubKey":"Bf7bF3BpxL+0vU+tEYx8Z17mtGZ75Nr7+J86dYr4H1gQ","privKey":"EHRFRENx3Fjf1BB4pvjWpp2p9IsxePdYWl17hk1Qq3M="},"lastRemoteEphemeralKey":"BfHFnGxPH1BbMK0hYEtpiPnl2bStyBcUvFtySWVRs+Mt","previousCounter":0,"rootKey":"swnDKH3hDNfNxi/DGoQEmtPw6vb12Z9sau9dzDrkRV8="},"indexInfo":{"baseKey":"Bcz4zL0N9SHbqsYESlSjOfp2O+ht6EzXcSZmElnp8LIa","baseKeyType":1,"closed":-1,"used":1759871187891,"created":1759871187891,"remoteIdentityKey":"BbphndBzC4YAunGrO3r7wNGxvjzWpRwfsuk0zReQ1MRf"},"_chains":{"Bf7bF3BpxL+0vU+tEYx8Z17mtGZ75Nr7+J86dYr4H1gQ":{"chainKey":{"counter":20,"key":"EAeXjwtmK1+EQDIJ4DoAm4Y42Z/DpR00k1t7TdjZBQ8="},"chainType":1,"messageKeys":{}}},"pendingPreKey":{"signedKeyId":1,"baseKey":"Bcz4zL0N9SHbqsYESlSjOfp2O+ht6EzXcSZmElnp8LIa","preKeyId":19}}},"version":"v1"}