{"_sessions":{"BWHkcrT7LsrrKmheOJrvX/iv75fO9KiXu4yDU724yNkp":{"registrationId":61253404,"currentRatchet":{"ephemeralKeyPair":{"pubKey":"BRzUzIJm6292o7K1Yk/gfI4C/h9TyTnI9YmIoYUZotQL","privKey":"8OgFuMz7mv5ppJiU22YmaQ5RMLQe2/Bv2vs2/Cas0XA="},"lastRemoteEphemeralKey":"BXhJnvGcUi81HmVi/O3hJpTF1mDibAEaR5Wnv44wUfQv","previousCounter":0,"rootKey":"w07CqqsC2JnhhO6DnnSLh1cOyEBhINMx15YVjqIzJu8="},"indexInfo":{"baseKey":"BWHkcrT7LsrrKmheOJrvX/iv75fO9KiXu4yDU724yNkp","baseKeyType":2,"closed":-1,"used":1759871311023,"created":1759871311023,"remoteIdentityKey":"BRpnMJDl0lg7Tjij/utHoIkphShlLw6TUOYiphCgFiIK"},"_chains":{"BXhJnvGcUi81HmVi/O3hJpTF1mDibAEaR5Wnv44wUfQv":{"chainKey":{"counter":0,"key":"p7jNHlUSunHGEsU27YhdpPQH6mRMvsfNMHbDBPNmQ+E="},"chainType":2,"messageKeys":{}},"BRzUzIJm6292o7K1Yk/gfI4C/h9TyTnI9YmIoYUZotQL":{"chainKey":{"counter":-1,"key":"DMB9uPT/cohTnzgIJScQauGZzRN2dreSjEyCtt7IB1Q="},"chainType":1,"messageKeys":{}}}}},"version":"v1"}