{"_sessions":{"Bb8sqD/pR6lFjZ1XUuMEPAYYPNqGR/7IZxG9vp+dYZYw":{"registrationId":690526924,"currentRatchet":{"ephemeralKeyPair":{"pubKey":"BZAqBbG6PaTjJJqbTW3HpjXU+GB3M1EHrOYe5QJjYR8E","privKey":"EGE0X+WBXKJDGjN2g7EW6GwzAKBLd4gaOINbgbNP3Hk="},"lastRemoteEphemeralKey":"BYMdw1+TIwYSmnv1DOKKwXF1aZqIQOT4vX9s2v1MmAM9","previousCounter":0,"rootKey":"DmwPvsQmykmEq3DDCYTIBlyemhX+CgkvM1rB231P+pA="},"indexInfo":{"baseKey":"Bb8sqD/pR6lFjZ1XUuMEPAYYPNqGR/7IZxG9vp+dYZYw","baseKeyType":2,"closed":-1,"used":1759871311038,"created":1759871311038,"remoteIdentityKey":"BdboNydxxdBfE+dQ9Ulzl7Se2VCo+ypNsHDSYmBjJB8t"},"_chains":{"BYMdw1+TIwYSmnv1DOKKwXF1aZqIQOT4vX9s2v1MmAM9":{"chainKey":{"counter":0,"key":"KJ+ILEXYGl3g0o/Gb372DCtQps/qNd3Ry2XN/TcvpkM="},"chainType":2,"messageKeys":{}},"BZAqBbG6PaTjJJqbTW3HpjXU+GB3M1EHrOYe5QJjYR8E":{"chainKey":{"counter":-1,"key":"PBPhG+hsHA5QXTHLvXvM3RR0ezAL/62D+DmPQdJ2UGI="},"chainType":1,"messageKeys":{}}}}},"version":"v1"}