{"_sessions":{"BWnPyKAIek/FTkIA0ykIdTkFqjRDiGvf8s9uRNRnq5hV":{"registrationId":2070821497,"currentRatchet":{"ephemeralKeyPair":{"pubKey":"BTZHvsYlvan429Oidd8AEY7EGnxbN9oQrS2PdGXOfm8g","privKey":"KKemn9Ar4F2Sr7nCSaJya+InkZgMcQ/hut3s7ixYRWU="},"lastRemoteEphemeralKey":"BWKEM1n45QDjqGgcjgRywgqR4qLoNMg6qVtQm9I3B79N","previousCounter":0,"rootKey":"NEn0xE7+UaFirKAnJVLuoSPeYPJSTI85/REdcX2+4f8="},"indexInfo":{"baseKey":"BWnPyKAIek/FTkIA0ykIdTkFqjRDiGvf8s9uRNRnq5hV","baseKeyType":2,"closed":-1,"used":1759871311134,"created":1759871311134,"remoteIdentityKey":"BdKjRrGMZnyxBkdYDqFwBAo+D5G3z2upc2SPL99ENSk5"},"_chains":{"BWKEM1n45QDjqGgcjgRywgqR4qLoNMg6qVtQm9I3B79N":{"chainKey":{"counter":0,"key":"Hgo/7fa56FY7omBFh2spE/HxUu5jCjgfAT4kMix4TcQ="},"chainType":2,"messageKeys":{}},"BTZHvsYlvan429Oidd8AEY7EGnxbN9oQrS2PdGXOfm8g":{"chainKey":{"counter":-1,"key":"3CVawTueY2a4amEngxI0+KJPX4glMe5BNu04ITGgcJA="},"chainType":1,"messageKeys":{}}}}},"version":"v1"}