{"_sessions":{"BT1JVEeiIuhGfpomk1Sx1rtNpP1IBk3C1tYRnwxPR1VP":{"registrationId":1339339971,"currentRatchet":{"ephemeralKeyPair":{"pubKey":"BaZMl413x1XCGKU1cbarTC7ufAjKe8ZmUZw22eTH/NY/","privKey":"ODLXALgn3AQdRz8YMcllFWlTf5RFqnPkdH+D+k0TFWQ="},"lastRemoteEphemeralKey":"Ba5RMu9lsucEspOuAxYVJjCwCDmG1+ylWzWLYFYOoDNl","previousCounter":0,"rootKey":"MRB5qnGVipZTh89e9vOtdYkGYgU5rbxKf6JsWW38qWg="},"indexInfo":{"baseKey":"BT1JVEeiIuhGfpomk1Sx1rtNpP1IBk3C1tYRnwxPR1VP","baseKeyType":2,"closed":-1,"used":1759871311185,"created":1759871311185,"remoteIdentityKey":"BYGeh9T95ukQKsSDkg5jGpENi0ZB8UVnFgsmhNUZHolP"},"_chains":{"Ba5RMu9lsucEspOuAxYVJjCwCDmG1+ylWzWLYFYOoDNl":{"chainKey":{"counter":0,"key":"3n4n8+ESvp6FLe1YnOnElYlPqGmuMsRQj+IZ+/iGvU8="},"chainType":2,"messageKeys":{}},"BaZMl413x1XCGKU1cbarTC7ufAjKe8ZmUZw22eTH/NY/":{"chainKey":{"counter":-1,"key":"hTVjdiG9pyYZxyv1TvyI/Ct/LT86Fh3NIP3x8voTq0g="},"chainType":1,"messageKeys":{}}}}},"version":"v1"}