{"_sessions":{"BeylPNowXeLxkBme5Aqf0v1Biv9JHaKeYwKOyeNCWrwx":{"registrationId":1560383995,"currentRatchet":{"ephemeralKeyPair":{"pubKey":"BcKnFZS6O4sHIwkYxrn8R1yeQvrLZ8bwF6q8hgcKcVkt","privKey":"oB2H0PSiqkYUG3QI1ocnkOWv3cSA2CNz8LJszZO82WU="},"lastRemoteEphemeralKey":"BS6T/sntERLLY86mGn4IpbIkc0zs3IqLIGHqYUCi5CZ6","previousCounter":0,"rootKey":"u+Lyaqo9jXwnFWpgfLPqMu+Htrzikmx3Xxj9cSIKoJU="},"indexInfo":{"baseKey":"BeylPNowXeLxkBme5Aqf0v1Biv9JHaKeYwKOyeNCWrwx","baseKeyType":2,"closed":-1,"used":1759871311253,"created":1759871311253,"remoteIdentityKey":"BW7lx510snKcKRdNVFKR+bn9bSgqpMnEOF8Hp57Eg8N4"},"_chains":{"BS6T/sntERLLY86mGn4IpbIkc0zs3IqLIGHqYUCi5CZ6":{"chainKey":{"counter":0,"key":"rddm2oupzISjEUs4kDYsxNnyGFd8f5cBPDiYeVDix7Y="},"chainType":2,"messageKeys":{}},"BcKnFZS6O4sHIwkYxrn8R1yeQvrLZ8bwF6q8hgcKcVkt":{"chainKey":{"counter":-1,"key":"pGDDFXG7ya2ZN6pq0eThjVMSLNJisG9MJKKhJhERc3Q="},"chainType":1,"messageKeys":{}}}}},"version":"v1"}