{"_sessions":{"BfDFh2i6Z+yVjpavDt5fAAvpomrL6NpcNK0NBo/NQGhY":{"registrationId":715149511,"currentRatchet":{"ephemeralKeyPair":{"pubKey":"BR1sHKqlXJyQvwMu5BG5i5Ttph7P24quOAYB7Ve/dkAC","privKey":"gIAUpxdOnV91MSXFpXWipo4OlfmfIqMOR8DEohFC/lo="},"lastRemoteEphemeralKey":"BSvUO4RbdrRxb4GcIgAqe2jFZu+G2nIXqG09uLLWsPVx","previousCounter":0,"rootKey":"jMmioDR8E5SzSKCBoHryIdXkf/4uedPOCS9cd2G9CRs="},"indexInfo":{"baseKey":"BfDFh2i6Z+yVjpavDt5fAAvpomrL6NpcNK0NBo/NQGhY","baseKeyType":1,"closed":-1,"used":1759871572210,"created":1759871187895,"remoteIdentityKey":"BZeFzn1X75/tBFSNPBobOaDCrdOvVyiUQccWShK5KH9y"},"_chains":{"BYWQk5qX0qjoXvBJ0glTZCLZDGwX8NtOIUHR43cF9ztt":{"chainKey":{"counter":0},"chainType":2,"messageKeys":{}},"BcokWP/imrkn4cO1Kpa43pKB7nwvOm6VTNDJy2ojrq0s":{"chainKey":{"counter":0},"chainType":2,"messageKeys":{}},"BVEsUyDO+2Bys+Wcn6OUP8Wc999jpETemciu4oMPsuZx":{"chainKey":{"counter":1},"chainType":2,"messageKeys":{}},"Bbp8KS05a9ic+k87Xvlw9nfkQRYkf97e/QXrDOeWVYZ/":{"chainKey":{"counter":0},"chainType":2,"messageKeys":{}},"BUeKny8bBl4Sq/yzyuu7tP4OamJ410kQywih5J/+L5ZX":{"chainKey":{"counter":3},"chainType":2,"messageKeys":{}},"BUQfQXHlSQQWtHsboB8dWsCfgphP2UPpqmGimYlN0CQs":{"chainKey":{"counter":0},"chainType":2,"messageKeys":{}},"BdomO5m99zXsCd73z5Lp00cgcnEvZRHMbzyVSDnbmWVc":{"chainKey":{"counter":2},"chainType":2,"messageKeys":{}},"BT3RqqDbR4hCoRzRlp2xLCHtyYk4ad7ElBx+axY6VV92":{"chainKey":{"counter":0},"chainType":2,"messageKeys":{}},"BeyJ7b8YGPByBKnehTLhi1OIi+gaArP6qyEtmyW//FBd":{"chainKey":{"counter":0},"chainType":2,"messageKeys":{}},"BZcHx99RKuX2ZRIv5AhtcrWZESFljRUusaxGrhMBjoFi":{"chainKey":{"counter":1},"chainType":2,"messageKeys":{}},"BfcYQr4PM7EOxaMwARCUrB1uOH81EivDqt7VBnDsRgw2":{"chainKey":{"counter":0},"chainType":2,"messageKeys":{}},"BcJteobWQDtD4e3wC0Rgn28mXJ+P7hJM0l0g3/vuAlAa":{"chainKey":{"counter":2},"chainType":2,"messageKeys":{}},"BW9qbQ+9dnds9JjI9mXgQXMq4T9cJWefxjuoIs7sWNFv":{"chainKey":{"counter":0},"chainType":2,"messageKeys":{}},"BX1O6EF0erpcKySGL2nUsZEyXQNTutVfNKxsYoA7+W0Q":{"chainKey":{"counter":0},"chainType":2,"messageKeys":{}},"BSvUO4RbdrRxb4GcIgAqe2jFZu+G2nIXqG09uLLWsPVx":{"chainKey":{"counter":0,"key":"2KARE2mGD/wzhBjFiq6eB1OSxpv3KraBF+OZNIyBizI="},"chainType":2,"messageKeys":{}},"BR1sHKqlXJyQvwMu5BG5i5Ttph7P24quOAYB7Ve/dkAC":{"chainKey":{"counter":0,"key":"4An/CTPXPZgp2Lc0UblJKFTYB1OcM1NqThWlfBI7gek="},"chainType":1,"messageKeys":{}}}}},"version":"v1"}