{"_sessions":{"BTjPXihXOq7YPmURIHazU+V+mEcQZQC0IQFeO1hRWH4a":{"registrationId":1490240641,"currentRatchet":{"ephemeralKeyPair":{"pubKey":"BZHD2p1W3kgDCHIhLuEuT5m4ByhPAmIJtX2zxxp+gD9I","privKey":"4Cao6kllgcsNP725cuyJT9ep2JPonXkZPK+RxsJWZEI="},"lastRemoteEphemeralKey":"BdfO3yPN5rtA/rChfG+sXkJI99kntt9IaPvjegdexK4/","previousCounter":0,"rootKey":"tlX0691jkQwuMP+6rjQ8hfwkEIYg1lob2JUHJyYbfns="},"indexInfo":{"baseKey":"BTjPXihXOq7YPmURIHazU+V+mEcQZQC0IQFeO1hRWH4a","baseKeyType":2,"closed":-1,"used":1759871311277,"created":1759871311277,"remoteIdentityKey":"Bet1SHnCL1uWAEf3ZZt3T/S+50n68SbSdDUscvB655lF"},"_chains":{"BdfO3yPN5rtA/rChfG+sXkJI99kntt9IaPvjegdexK4/":{"chainKey":{"counter":0,"key":"E0Ec1dd6Y/N2X1MPbIKkzmDX/e5sGZ0pNdIfWQW7ZRU="},"chainType":2,"messageKeys":{}},"BZHD2p1W3kgDCHIhLuEuT5m4ByhPAmIJtX2zxxp+gD9I":{"chainKey":{"counter":-1,"key":"XD/Mr8K4c1K8da4dxSziofEmNcNFATJTI4xt+UBxiZg="},"chainType":1,"messageKeys":{}}}}},"version":"v1"}