{"_sessions":{"BQ4qQjjvl7R8d+c8o2NDyJSDb0+xAxlvUmz7eorCzD1c":{"registrationId":1924065003,"currentRatchet":{"ephemeralKeyPair":{"pubKey":"BU5GaM0taoJuFiZH78g+Ll4MfO0SMwcDTEs+jUn8C3QK","privKey":"yFgxlGu0RHUNxMWnS7y1k+hUcMWyOqM3MlQYDm1kcXE="},"lastRemoteEphemeralKey":"BRplRA2N/oo+oOJrS2DBXQ/IF/xGvxyZp9Rwk8m+RE0b","previousCounter":0,"rootKey":"NkaA+9KXiAoSTdUtZN3Bi2yNqq0sw+w/hzQD/4JXsF8="},"indexInfo":{"baseKey":"BQ4qQjjvl7R8d+c8o2NDyJSDb0+xAxlvUmz7eorCzD1c","baseKeyType":2,"closed":-1,"used":1759871311258,"created":1759871311258,"remoteIdentityKey":"Bcqemxd+/efeyMu533TlpWBhD2Lg6nSSaUUS+iUockgR"},"_chains":{"BRplRA2N/oo+oOJrS2DBXQ/IF/xGvxyZp9Rwk8m+RE0b":{"chainKey":{"counter":0,"key":"KhCYobexqOsMp4ZNZAuyrTJv7nMM8L0TUZ7dzNwmFwY="},"chainType":2,"messageKeys":{}},"BU5GaM0taoJuFiZH78g+Ll4MfO0SMwcDTEs+jUn8C3QK":{"chainKey":{"counter":-1,"key":"x07TDSliFSmnyfKbZSCNGowXmkvDsdwxbxgWBGsdveM="},"chainType":1,"messageKeys":{}}}}},"version":"v1"}