{"_sessions":{"BQSEhKlOF8pvDHP2mhCladMM0u+wiLDRfSLh7zLJ2ORq":{"registrationId":1954741905,"currentRatchet":{"ephemeralKeyPair":{"pubKey":"BepxVOPomCRu8Ugn+etSSPcoFX7Zmwi2k/pLKS7kA0V6","privKey":"yGFZb41TGLAuAvYDBKIywCNrS/LDs0axEZySxs/vNVI="},"lastRemoteEphemeralKey":"BWp7ACezDO8/QDeHgUyAYmbaJEHeRPtWVQfkr2lJryZj","previousCounter":0,"rootKey":"Zk3p8FvQL6Teg3IK5Ew4bo4czpv/iKFdqQssSAijWvo="},"indexInfo":{"baseKey":"BQSEhKlOF8pvDHP2mhCladMM0u+wiLDRfSLh7zLJ2ORq","baseKeyType":2,"closed":-1,"used":1759871311138,"created":1759871311138,"remoteIdentityKey":"BSIxKR1QK0YIb4rxL22bRPjhOJgHYLBzDGLt1+UChCRY"},"_chains":{"BWp7ACezDO8/QDeHgUyAYmbaJEHeRPtWVQfkr2lJryZj":{"chainKey":{"counter":0,"key":"1KYkYo0Q74Ujq2P1RulYaAcPyKCu/0NKcShkityezwc="},"chainType":2,"messageKeys":{}},"BepxVOPomCRu8Ugn+etSSPcoFX7Zmwi2k/pLKS7kA0V6":{"chainKey":{"counter":-1,"key":"GWSIsTY+PvO4eatzBpWcxqdXbk+/TcNzXg9CmkwaigA="},"chainType":1,"messageKeys":{}}}}},"version":"v1"}