{"_sessions":{"BfmXVEueyZzSn8ACPAR735C+eYC0mnhbVjvAyph2pbs6":{"registrationId":341668829,"currentRatchet":{"ephemeralKeyPair":{"pubKey":"BVAnWG8qseCieWoVRgGdHjymNcsxaZo+6Zo2+wKPqEhx","privKey":"IN+az8Kx41hUWWhAO1i5Jma8Sb02mXeQdT2e3YVl2F4="},"lastRemoteEphemeralKey":"BVe1ZYxUUyHrcNF68EmhvLrYDvzDl9IDQ55Nyzd+k2oF","previousCounter":0,"rootKey":"4LGPOyUZwrbzdhUDRTDKPhd8QOfkNd3mDH+nz403fKI="},"indexInfo":{"baseKey":"BfmXVEueyZzSn8ACPAR735C+eYC0mnhbVjvAyph2pbs6","baseKeyType":2,"closed":-1,"used":1759871311296,"created":1759871311296,"remoteIdentityKey":"BXWSzM6mVqD6VYJP+RZpo+3nPw3kopOv48UqvxrewsoB"},"_chains":{"BVe1ZYxUUyHrcNF68EmhvLrYDvzDl9IDQ55Nyzd+k2oF":{"chainKey":{"counter":0,"key":"8KB4gQxh6rekDMA/9Yhmb0ahm5vOUb9mvTycv9sgw/A="},"chainType":2,"messageKeys":{}},"BVAnWG8qseCieWoVRgGdHjymNcsxaZo+6Zo2+wKPqEhx":{"chainKey":{"counter":-1,"key":"JxbT30FHmT2vFFOui2UpJKnD4Si5r5ChDFgP23RAQpw="},"chainType":1,"messageKeys":{}}}}},"version":"v1"}