{"_sessions":{"BXtPTOYYNbjtdMh/olmDuViOnbvA53mEl5S6WqUwKgMa":{"registrationId":826188142,"currentRatchet":{"ephemeralKeyPair":{"pubKey":"Bbe2eZ6PLMs/WkgIhq+kcLE0YdBKTRH662CGXmISG+tK","privKey":"mBvdyiKqX92jHVo6hEpni/JDhslRpVRU52sJPISrRWs="},"lastRemoteEphemeralKey":"BeNmCaih8tCOq1SqEr32eeiynl4teK6PDNPfZ85aUldO","previousCounter":0,"rootKey":"VNNIexwSOpGmbYsBhd7XuBmS0wJc0gXN9FJJKlRjPpQ="},"indexInfo":{"baseKey":"BXtPTOYYNbjtdMh/olmDuViOnbvA53mEl5S6WqUwKgMa","baseKeyType":2,"closed":-1,"used":1759871311181,"created":1759871311181,"remoteIdentityKey":"BTlv00kvm+wAkvkjEP5KGhOSt9QbgNWZ5JHKZCA38/gb"},"_chains":{"BeNmCaih8tCOq1SqEr32eeiynl4teK6PDNPfZ85aUldO":{"chainKey":{"counter":0,"key":"+r5BoH/WrLhRgsOkNskGqHJUdiwMP9LTbz1FYmnNPmc="},"chainType":2,"messageKeys":{}},"Bbe2eZ6PLMs/WkgIhq+kcLE0YdBKTRH662CGXmISG+tK":{"chainKey":{"counter":-1,"key":"G50fTy3jJ8K4HtG0XoXcFKbgC/rT/lvDEQBwnDfAL5Y="},"chainType":1,"messageKeys":{}}}}},"version":"v1"}