{"_sessions":{"BaW58Jk4ABOyEVN05vqWBwj4Arka1kdt/Hqkrrx0kLEt":{"registrationId":832624122,"currentRatchet":{"ephemeralKeyPair":{"pubKey":"Bbv7HH9DJHC9rrfaVEur6318sgWO0nNcIL9I4eQnDWxX","privKey":"mLLuZU6KsedB681ytsIu3QysTdfegmjObuDX7mikbW0="},"lastRemoteEphemeralKey":"Bcnj/AXhkykr/FEZ+B2bFb5Oi1yFPFwGnsObQYAL9dw1","previousCounter":0,"rootKey":"zraPMMxMpNcyNmTPWegB/VcdHKCyQqEI8m+8O/oxrCE="},"indexInfo":{"baseKey":"BaW58Jk4ABOyEVN05vqWBwj4Arka1kdt/Hqkrrx0kLEt","baseKeyType":2,"closed":-1,"used":1759871311199,"created":1759871311199,"remoteIdentityKey":"BR49m03yQ0wwSGc1yM03ZfVj2AxTeJTvV8bAZuGOd9dE"},"_chains":{"Bcnj/AXhkykr/FEZ+B2bFb5Oi1yFPFwGnsObQYAL9dw1":{"chainKey":{"counter":0,"key":"FvL84Ag+gFWtKDWY+z8llX1egGu8zUK6KOKOPk0DHXg="},"chainType":2,"messageKeys":{}},"Bbv7HH9DJHC9rrfaVEur6318sgWO0nNcIL9I4eQnDWxX":{"chainKey":{"counter":-1,"key":"sCP56lY/iB8zpTI/N7iB7ScKOv63OX0TeXUuLNjAKrs="},"chainType":1,"messageKeys":{}}}}},"version":"v1"}