{"_sessions":{"BcCsnxQ/bHRYIiVBzdkQjdm3eZQxTuS2eRYUYXelrfM8":{"registrationId":301911391,"currentRatchet":{"ephemeralKeyPair":{"pubKey":"BQ7dz25UKqTZLR8fNQpDwJT0CU3h0PWzzQu1W/5IZvYm","privKey":"SOj23Yl8VP68RyH/ppLP2xNZaVLBlGUcPT3dagM8hXQ="},"lastRemoteEphemeralKey":"BSUJtKWb7+KZlI0MvLrPssIfdhK6x6E/ZmRIR4lRjWVC","previousCounter":0,"rootKey":"l3fG0EMVH8K2zAOgNllWbU2ER63Nf+Y7Te3DhAoVW9s="},"indexInfo":{"baseKey":"BcCsnxQ/bHRYIiVBzdkQjdm3eZQxTuS2eRYUYXelrfM8","baseKeyType":2,"closed":-1,"used":1759871311435,"created":1759871311435,"remoteIdentityKey":"BYeyHt1pLsWeEJAYGrMZDP35J7c1ModOmFncVOzKIJo2"},"_chains":{"BSUJtKWb7+KZlI0MvLrPssIfdhK6x6E/ZmRIR4lRjWVC":{"chainKey":{"counter":1,"key":"TwxYh85qapyB1bDBP+MRcNelRPA6NIFmGE/tSVoouVg="},"chainType":2,"messageKeys":{"0":"XLPX5u431KW909+/rR+nqp9qvH6HKqKeaLEU/hVPxVA="}},"BQ7dz25UKqTZLR8fNQpDwJT0CU3h0PWzzQu1W/5IZvYm":{"chainKey":{"counter":-1,"key":"tExI63ii+v6hdpuVsLCVX6Okl/7IQ7Yq0tYkSPIB1/I="},"chainType":1,"messageKeys":{}}}}},"version":"v1"}