{"_sessions":{"Be5PmORm2dNClQj2dRNGKisxvRYyzzyV2TQ7kMM5CC9v":{"registrationId":1553338074,"currentRatchet":{"ephemeralKeyPair":{"pubKey":"BZk86WAODJynsMEJ3Nova2QkqY4aKHceb6L8Ca+0050G","privKey":"kIr94eD6HyumD56JYLUAe8C2x9wp/WAwT5l8RgHYPHc="},"lastRemoteEphemeralKey":"BUuRFEJcZfp3aSFF++CxhLl8X4Ht5bN8A0HO+1JTXFgD","previousCounter":0,"rootKey":"IjjQ/+DqsC0SF2nRuGonI1A1LS56OK7HDaY9RtwZCUI="},"indexInfo":{"baseKey":"Be5PmORm2dNClQj2dRNGKisxvRYyzzyV2TQ7kMM5CC9v","baseKeyType":2,"closed":-1,"used":1759871311018,"created":1759871311018,"remoteIdentityKey":"BfBMSleULdeUW5+L5H93FTBWJxdXA/SsL45E1iWgV8t9"},"_chains":{"BUuRFEJcZfp3aSFF++CxhLl8X4Ht5bN8A0HO+1JTXFgD":{"chainKey":{"counter":0,"key":"DhkMtkg9AXypIRSx1xSTfFqcCLk0AGWjmBTl37lTdGg="},"chainType":2,"messageKeys":{}},"BZk86WAODJynsMEJ3Nova2QkqY4aKHceb6L8Ca+0050G":{"chainKey":{"counter":-1,"key":"SpT/IkpBL1gvbLC0oIsb//CkOv2mXpmRLmAU1w9T2zU="},"chainType":1,"messageKeys":{}}}}},"version":"v1"}