{"_sessions":{"BZV6uzIBE4WJYI5szlhaPziL1g000z+Ertxo0ImzjBpu":{"registrationId":742376933,"currentRatchet":{"ephemeralKeyPair":{"pubKey":"Bc2PjPUxk7mvWZpHt91qbDlGv4lgCCZLsO6qVlSGKWsU","privKey":"IKxMrdiljz6IXzLnWAyobltBkX+quE9BwU8PeG//AUk="},"lastRemoteEphemeralKey":"BfvKs0d2FyjXiJLF1nYHHxZVnA0lOmcmfIYZKtxjmaUC","previousCounter":0,"rootKey":"15gICN5tunEdAjHBFZS0M5QWe/QQZJ3gypoES0IC/XA="},"indexInfo":{"baseKey":"BZV6uzIBE4WJYI5szlhaPziL1g000z+Ertxo0ImzjBpu","baseKeyType":2,"closed":-1,"used":1759871311116,"created":1759871311116,"remoteIdentityKey":"BWlGkFTU2beZJ/oagCqNjXdrf48AI1/FGF7ZIMZElLBH"},"_chains":{"BfvKs0d2FyjXiJLF1nYHHxZVnA0lOmcmfIYZKtxjmaUC":{"chainKey":{"counter":0,"key":"XWp3hhp1BLOfsgPMvc4kiXqZO46jTC6uQwY2LKpF4pA="},"chainType":2,"messageKeys":{}},"Bc2PjPUxk7mvWZpHt91qbDlGv4lgCCZLsO6qVlSGKWsU":{"chainKey":{"counter":-1,"key":"W+NCK0LQOnWn6wxl0XFpefJCmc3VChOQD4uGM/ke+ko="},"chainType":1,"messageKeys":{}}}}},"version":"v1"}