{"_sessions":{"BTnCMwk5zlAeucOEjYV8as+2mJV16PyFcKBcQjG36WgG":{"registrationId":436441543,"currentRatchet":{"ephemeralKeyPair":{"pubKey":"Bep0brxqlo3LI6P97yG4oHTOsKB4cAQQTL4/pzEfmfEP","privKey":"0PnJhsL3ifYg9nWNbDqBOsa+HCX9M37bLwyq4I46fHg="},"lastRemoteEphemeralKey":"BSAUuenslX84k9TWRn++222gqYJalWfgrDoJzojBMq9f","previousCounter":0,"rootKey":"yoMxqklwIQIEPCycEo3h1JXcrOc8tg2v3AXqRATVt7A="},"indexInfo":{"baseKey":"BTnCMwk5zlAeucOEjYV8as+2mJV16PyFcKBcQjG36WgG","baseKeyType":2,"closed":-1,"used":1759871311369,"created":1759871311369,"remoteIdentityKey":"BYp4Rj6wQO6OsJqdCTUZtFcrzZK6oIFhTF2zTUvLjpRC"},"_chains":{"BSAUuenslX84k9TWRn++222gqYJalWfgrDoJzojBMq9f":{"chainKey":{"counter":0,"key":"O28D74SecpEEUFEZZopU21/9+wQKVQIIbp7XuEyvWxo="},"chainType":2,"messageKeys":{}},"Bep0brxqlo3LI6P97yG4oHTOsKB4cAQQTL4/pzEfmfEP":{"chainKey":{"counter":-1,"key":"dNVgWG2wK83jGQt9A5wbK6aO7oikjRCE6gdtRD1U6Yc="},"chainType":1,"messageKeys":{}}}}},"version":"v1"}