{"_sessions":{"BTfEQEZUHoiO4sZ3zO20OoZ5iXEm5Vb+NQnQhvUiWUMD":{"registrationId":408323918,"currentRatchet":{"ephemeralKeyPair":{"pubKey":"Bc6bp+jO1GxLD3lH/4DTsjPxPc5HEd0SBCM3gdmryDVQ","privKey":"cLzj5wDLWE6JBEKiI3Hf8T1NiTl9KWClN6pki1dpX3c="},"lastRemoteEphemeralKey":"BTUg/neCFYWWN0pprDap9HuhPmztX87Uvl/DgEjLv8MY","previousCounter":0,"rootKey":"fKBQSz6jbkMOvdr5+Yrlr0wDJg5kSz9ojoeYXdQdhUk="},"indexInfo":{"baseKey":"BTfEQEZUHoiO4sZ3zO20OoZ5iXEm5Vb+NQnQhvUiWUMD","baseKeyType":2,"closed":-1,"used":1759871310497,"created":1759871310497,"remoteIdentityKey":"BdTydCx9fPSkPmR2LsvB8mSIyd8HDsoXxZNLBOGeeLZv"},"_chains":{"BTUg/neCFYWWN0pprDap9HuhPmztX87Uvl/DgEjLv8MY":{"chainKey":{"counter":0,"key":"vlWNk+23m3eegVZQbfn/BvSPlexggTcgh5hxcpbqlhI="},"chainType":2,"messageKeys":{}},"Bc6bp+jO1GxLD3lH/4DTsjPxPc5HEd0SBCM3gdmryDVQ":{"chainKey":{"counter":-1,"key":"SDJyl6rv6xN6qE7AJWUyhsdFhS5BwOlBsdloHYDUyR8="},"chainType":1,"messageKeys":{}}}}},"version":"v1"}