{"_sessions":{"BXlUMj+YZ58kpxHguuO90TWmXjOjkRPrn/ujlQTaWK4W":{"registrationId":1228554955,"currentRatchet":{"ephemeralKeyPair":{"pubKey":"BXFxxbX01xAcR3QZY1GYWGduDfvze1iiYKFAQ/EI0/kG","privKey":"oP3XVPpfmHg+PI58eGoK2k9pVm893DBVGEf90q3e0F0="},"lastRemoteEphemeralKey":"BbfDvqXKXC/4t2/YTS1ixhP8R7Uxx8lvjrZoiYNb9RYH","previousCounter":0,"rootKey":"sqpf/O6n+eqWPjADHvcL79TJllG+39fSaEbtBw82QC0="},"indexInfo":{"baseKey":"BXlUMj+YZ58kpxHguuO90TWmXjOjkRPrn/ujlQTaWK4W","baseKeyType":2,"closed":-1,"used":1759871310973,"created":1759871310973,"remoteIdentityKey":"BZp6+wn15ICgXqrbrClTolAYSXp4qXTW/siSrV3Ytz1Z"},"_chains":{"BbfDvqXKXC/4t2/YTS1ixhP8R7Uxx8lvjrZoiYNb9RYH":{"chainKey":{"counter":0,"key":"wVl3dbsWiIukGtVcoZi0Ypl0xpP3lvIpX0oeRpibfV8="},"chainType":2,"messageKeys":{}},"BXFxxbX01xAcR3QZY1GYWGduDfvze1iiYKFAQ/EI0/kG":{"chainKey":{"counter":-1,"key":"0JsTJP8sK9pvOp7UFBeIjB1imf3VIjoAOYeQZIOMaAA="},"chainType":1,"messageKeys":{}}}}},"version":"v1"}