{"_sessions":{"BfnqsJa/XmT96tCxHDaEUnSz+QfLXQB6fEmx65uwYUQB":{"registrationId":1644113492,"currentRatchet":{"ephemeralKeyPair":{"pubKey":"BaPEd6Cqfr/fRbbJddHqxnF/vxCDAaE91D96O84gV2cB","privKey":"8MYi38wElmTcjiB2lcYu8gqAdnIF5+OKBNUFwJEWsXM="},"lastRemoteEphemeralKey":"BX/dOW/e1WPHRQojA1XSBM5hbwlovHb9dia1odZm1yMK","previousCounter":0,"rootKey":"HHa6bRvccaIWrOfY4DywHH+7sTfkBWulPbcdN7iyOuo="},"indexInfo":{"baseKey":"BfnqsJa/XmT96tCxHDaEUnSz+QfLXQB6fEmx65uwYUQB","baseKeyType":2,"closed":-1,"used":1759871311082,"created":1759871311082,"remoteIdentityKey":"BSL3e2KWS5QyOdkvwf0FigSNA6oRIFAYzeiw7cLkQdZ6"},"_chains":{"BX/dOW/e1WPHRQojA1XSBM5hbwlovHb9dia1odZm1yMK":{"chainKey":{"counter":0,"key":"orE3sl98E9h1Y95xbQAep+uWy+DD/cM7MrDYpPwcUMk="},"chainType":2,"messageKeys":{}},"BaPEd6Cqfr/fRbbJddHqxnF/vxCDAaE91D96O84gV2cB":{"chainKey":{"counter":-1,"key":"3FlSJM2GI0aGzLWtxx9efqmdXze3OQOkbLuC0HDK/sk="},"chainType":1,"messageKeys":{}}}}},"version":"v1"}