{"_sessions":{"BaYKfd7+Z9xCxLzHWZVS8PXsfFduCx3tjN2R6VEmxpB9":{"registrationId":109855394,"currentRatchet":{"ephemeralKeyPair":{"pubKey":"Bfzm4Een2IR2qt5UkETIEZGVhGORMYCz3rV4vbZHIfpW","privKey":"+K6I5tz7lgt90Kao5JkEyzv+Jswl/dJC62TADbizgEg="},"lastRemoteEphemeralKey":"BeOjrwXz2xVs4KW8HtPs3i+6uDPsZR9kz2Gqy6hZrz5n","previousCounter":0,"rootKey":"QzEE8oa65juUxzBH9KMgmPab7QfhfDkrQ15tu4P19yE="},"indexInfo":{"baseKey":"BaYKfd7+Z9xCxLzHWZVS8PXsfFduCx3tjN2R6VEmxpB9","baseKeyType":2,"closed":-1,"used":1759871311014,"created":1759871311014,"remoteIdentityKey":"BYXIe2YR/YbTIk55KGNZRgqFHuS3g/8EAcTLeC0T5ERu"},"_chains":{"BeOjrwXz2xVs4KW8HtPs3i+6uDPsZR9kz2Gqy6hZrz5n":{"chainKey":{"counter":0,"key":"jCRrUfC6XVFOwCbVU5AfgxYe6A6a8HhggHdfknISOCU="},"chainType":2,"messageKeys":{}},"Bfzm4Een2IR2qt5UkETIEZGVhGORMYCz3rV4vbZHIfpW":{"chainKey":{"counter":-1,"key":"nGXQfudjUda4aMIPvj/7cHOdKymB2a2BnYrnaPMD538="},"chainType":1,"messageKeys":{}}}}},"version":"v1"}