{"_sessions":{"BekPBIQPL+7/UYqa3lsqaAfWIbusVYXwVG7VM9VYG1sv":{"registrationId":1148667200,"currentRatchet":{"ephemeralKeyPair":{"pubKey":"BXADPreTseEQutkOluO2OVwkiI62tYrf2I6Txm4aSAU0","privKey":"YP5GikPkYpTtWvLoYZvhO3sEfPX+YGsshx4lSQgseUw="},"lastRemoteEphemeralKey":"BfK/BDYhS/f9ULEiYcJoU58aSPXtgOXIFbgETAfCKZ4n","previousCounter":0,"rootKey":"tOENXNhvtDt6PW6FgeS6gsJYqjdbh3hWZkP+vS45ADc="},"indexInfo":{"baseKey":"BekPBIQPL+7/UYqa3lsqaAfWIbusVYXwVG7VM9VYG1sv","baseKeyType":2,"closed":-1,"used":1759871311310,"created":1759871311310,"remoteIdentityKey":"Bdo8gaRG2xyZXRHj314THXSjtXCBIw1QMLLWxRdhkAEL"},"_chains":{"BfK/BDYhS/f9ULEiYcJoU58aSPXtgOXIFbgETAfCKZ4n":{"chainKey":{"counter":0,"key":"XK2mwzSdBO1crteWhCadLHAkBsMeige4u2ORGMbWaCw="},"chainType":2,"messageKeys":{}},"BXADPreTseEQutkOluO2OVwkiI62tYrf2I6Txm4aSAU0":{"chainKey":{"counter":-1,"key":"ddnn3YbqB2sfspp6C4moq5x+5p6ZYJOonLZxliXqAiY="},"chainType":1,"messageKeys":{}}}}},"version":"v1"}