{"_sessions":{"BcvQf099zoraa7Q1QaZEA6gLM79tNwxK5J44efuW6gYr":{"registrationId":1726399949,"currentRatchet":{"ephemeralKeyPair":{"pubKey":"BfH+o0sW1dRY/axpg/RHeI3TsOMd9talAyEelyIiH0gt","privKey":"6DFwT5f5xua2SLPKkgFUyuhke2WE10YXZ3A/5Mh9eXI="},"lastRemoteEphemeralKey":"Bd2u2k2yTFwfshRVRAn+gghzxr7lM6Ez9zQpRVxnH80V","previousCounter":0,"rootKey":"sZTSIuLUVTXOCA3Kt6fJYd+ZUdzpMwye0XQfFHNMJDA="},"indexInfo":{"baseKey":"BcvQf099zoraa7Q1QaZEA6gLM79tNwxK5J44efuW6gYr","baseKeyType":2,"closed":-1,"used":1759871623296,"created":1759871186695,"remoteIdentityKey":"BWgs5QfEE6w8p5uvL/NCSE7NFqdZRhx1Q3ldPxywPqxx"},"_chains":{"BZXi5zm1JfoKD1Sb2S2CZy03nd79Z/UOto2RtmAZg0s4":{"chainKey":{"counter":1},"chainType":2,"messageKeys":{}},"BTYX57Ci+s+Oq9vC+QeFnnkQAc9Kix6rcYxVsSftDnMj":{"chainKey":{"counter":3},"chainType":2,"messageKeys":{}},"BSnCesh7yWBDRfcGLu56tfrnhjfLKyS56fVRZeSZ40Mj":{"chainKey":{"counter":0},"chainType":2,"messageKeys":{}},"BZ/RPaQG/5BIWZxzpiFESbm/NV9OeJMpfHc0WkqmDTId":{"chainKey":{"counter":6},"chainType":2,"messageKeys":{"1":"X1J2EW42b9EpqeT4FjFzujCJ58FT7v6jSoYQE5lxPsY="}},"BbW1nLAwwu+c1Q3ptHtv9cLbcLq4GePrefFQs5wFp4Jx":{"chainKey":{"counter":1},"chainType":2,"messageKeys":{}},"BfFP7UhOmBikMvItlIYc3ZpFQz+CZDa4UMfHmPu1H8Qp":{"chainKey":{"counter":4},"chainType":2,"messageKeys":{}},"BY9m1Pb/uNIC5dRgtUzrCPctW6eFe7vK3FcSSYCeAQ4n":{"chainKey":{"counter":0},"chainType":2,"messageKeys":{}},"BZpEjMqEsLEyML2upCZ1bkoGM7ccHnxZG1wQwqPXuaZg":{"chainKey":{"counter":1},"chainType":2,"messageKeys":{}},"BcB0VT2SbOv16OrEr5INJKn6ryT+Qn9zNOV1w//fmK5j":{"chainKey":{"counter":0},"chainType":2,"messageKeys":{}},"BV9LFKixU5bQ76vOT5R3HddE9QPQZaoEntwoIkVLWEtl":{"chainKey":{"counter":0},"chainType":2,"messageKeys":{}},"BRNRDkGDzpQ3mMUwBHwBQr3mpqGq7vougyr8xdEz0zQy":{"chainKey":{"counter":1},"chainType":2,"messageKeys":{}},"BUxANXyGZe959JfAYk6YUfv1oILk9Hj6ZdJD5/70q0IR":{"chainKey":{"counter":0},"chainType":2,"messageKeys":{}},"Be+vOs0ayJ0gt/fHV62jFDwdTJzgmK2mUbN4s+zmREhR":{"chainKey":{"counter":0},"chainType":2,"messageKeys":{}},"BX2srGTzH4zpnW5PUOXwLIRr3veMzDrToCsvEeGy284y":{"chainKey":{"counter":0},"chainType":2,"messageKeys":{}},"BUWteYszU+jJ95MXtPIEOWSLplHtnsPoFw9hlpCUZYMk":{"chainKey":{"counter":0},"chainType":2,"messageKeys":{}},"Bd2u2k2yTFwfshRVRAn+gghzxr7lM6Ez9zQpRVxnH80V":{"chainKey":{"counter":3,"key":"0hrgqoR7HF9IeNTRTuB8ecvE2sfTdT0gI5ud6C9RqA4="},"chainType":2,"messageKeys":{}},"BfH+o0sW1dRY/axpg/RHeI3TsOMd9talAyEelyIiH0gt":{"chainKey":{"counter":-1,"key":"0AcmJMHq5EWsWYG14q/Qx4kEFPqc/jHJerlaPvDq/AY="},"chainType":1,"messageKeys":{}}}}},"version":"v1"}