{"_sessions":{"Bf9UC4WJhv/G55qQeCGz0a5Leyzu2tAxoetfFDIeve9J":{"registrationId":813304671,"currentRatchet":{"ephemeralKeyPair":{"pubKey":"BfDxS3nMaQ1/VHhhp7ZPZV0zlZm9Y7TDrV5jRRk4RjsH","privKey":"ALXgahHkTunOW46l9Zz2Zs2Nm+z7pM2mR78x3J1lI3g="},"lastRemoteEphemeralKey":"BYCzXqPm4V68dnFPfm90KTbEizN4Bqhp4ZUV2Sd21EsI","previousCounter":0,"rootKey":"JBtppB3sFbEWdEYE5XkNQHQWJHAx0PkUuPaItqVszTY="},"indexInfo":{"baseKey":"Bf9UC4WJhv/G55qQeCGz0a5Leyzu2tAxoetfFDIeve9J","baseKeyType":2,"closed":-1,"used":1759871311129,"created":1759871311129,"remoteIdentityKey":"BaNh7PB6y9ilbqVwncIJJozqs+zWSEMDxo3xeMTol10w"},"_chains":{"BYCzXqPm4V68dnFPfm90KTbEizN4Bqhp4ZUV2Sd21EsI":{"chainKey":{"counter":0,"key":"ROV4N8kazrRnFV3pHda2NXQ8qKK+/YPx9WB1O23XADg="},"chainType":2,"messageKeys":{}},"BfDxS3nMaQ1/VHhhp7ZPZV0zlZm9Y7TDrV5jRRk4RjsH":{"chainKey":{"counter":-1,"key":"Mr+fZBa00auaI2jZcTw2i3OYUSqbWco/PnQqWbRE+GY="},"chainType":1,"messageKeys":{}}}}},"version":"v1"}