{"_sessions":{"BXfpB0IcBjG6mkeGwhO5s5mCOph5lRbNoaLYgkc8ogAq":{"registrationId":1815176019,"currentRatchet":{"ephemeralKeyPair":{"pubKey":"BVOveql7ZZQ2IFWBPMyrg4ZhjhO3xgU3j2v/Sp5kH4oV","privKey":"kIbnhA2fOntwZ005Yyw/bvZF+AgcWl29KtWq8/m6K0Y="},"lastRemoteEphemeralKey":"Bfih5QOYQ/YtLlbgoXB0mcYB2V/A3r1kDc5BUjKq+NV2","previousCounter":0,"rootKey":"kXCkFmouX6igrgCgBt5CisLASxfJrd0ZBHmjS82Hsh4="},"indexInfo":{"baseKey":"BXfpB0IcBjG6mkeGwhO5s5mCOph5lRbNoaLYgkc8ogAq","baseKeyType":2,"closed":-1,"used":1759871311193,"created":1759871311193,"remoteIdentityKey":"BVsoa9PD9VBMxBbj/KFFbo7XTdS/3yugRckjrlqwDB4J"},"_chains":{"Bfih5QOYQ/YtLlbgoXB0mcYB2V/A3r1kDc5BUjKq+NV2":{"chainKey":{"counter":0,"key":"bDgw41EovhYfBBdTZO0/wcJu/4ESXdwQGN+x/9IGO7o="},"chainType":2,"messageKeys":{}},"BVOveql7ZZQ2IFWBPMyrg4ZhjhO3xgU3j2v/Sp5kH4oV":{"chainKey":{"counter":-1,"key":"fhXTjuxz1N8WqDz3Mv5oZHgEvXg3jBZQ7c+tJ0qFc1c="},"chainType":1,"messageKeys":{}}}}},"version":"v1"}