{"_sessions":{"BcbArm+rTFiEpbTVv8mdPaN9HZc33ZYXEW91A1k9Fe9l":{"registrationId":1776138814,"currentRatchet":{"ephemeralKeyPair":{"pubKey":"BQe7qhnpKv1S2HPPQQGnHwSZTdOJOA090PJFZJ+8n8cl","privKey":"QHmbIG+FAfRlt8fSSjAF+nwCKLQDDBXb/QMooBJ1Kk0="},"lastRemoteEphemeralKey":"BUgEr4xPHTNgw/nC3vrrG80FTJZbnim+67bT9WuO0JxM","previousCounter":0,"rootKey":"o3saKR3LSVimUpWNJmjMeDMveaKs2v/gB3X1xkVPUGE="},"indexInfo":{"baseKey":"BcbArm+rTFiEpbTVv8mdPaN9HZc33ZYXEW91A1k9Fe9l","baseKeyType":2,"closed":-1,"used":1759871311205,"created":1759871311205,"remoteIdentityKey":"BbC8QwUGkdmunTaoQnCfAFI2G1XaqNfuv/yyTtix/ENB"},"_chains":{"BUgEr4xPHTNgw/nC3vrrG80FTJZbnim+67bT9WuO0JxM":{"chainKey":{"counter":0,"key":"HRwUkSyb20pSZjzwNvnl3wuwdFoPCyX6aypViZFd+bs="},"chainType":2,"messageKeys":{}},"BQe7qhnpKv1S2HPPQQGnHwSZTdOJOA090PJFZJ+8n8cl":{"chainKey":{"counter":-1,"key":"u9kylAY7rYmcFmHKsZG6phinMMnVjk0Mowx5dq8Mc1M="},"chainType":1,"messageKeys":{}}}}},"version":"v1"}