{"_sessions":{"BaU4Qy4cMfmysf+zQEVQzH+OTz8JFdJyHFgq6KX0wWJe":{"registrationId":685820917,"currentRatchet":{"ephemeralKeyPair":{"pubKey":"BXxpk7behf2G5LCEe4E/Ho/z0Gi4v6vJezKnehaGMuJy","privKey":"6FAKhAa57HGdgFOYXgXsgNmDbXTWKfBjZR/JduHpBmY="},"lastRemoteEphemeralKey":"Ba7tcJcrfboQYnOqSWxeHmCevAKcu/LgqdoV5f4LAH9O","previousCounter":0,"rootKey":"DbpCOUi90JX9+d8fVWkNvjBr6g45cluDwQ3HmS3MMzA="},"indexInfo":{"baseKey":"BaU4Qy4cMfmysf+zQEVQzH+OTz8JFdJyHFgq6KX0wWJe","baseKeyType":2,"closed":-1,"used":1759871311326,"created":1759871311326,"remoteIdentityKey":"BYS/WdLbVE4M4DRrhb6Pd5CaBDa/5zk+fEi7BFf/YZ84"},"_chains":{"Ba7tcJcrfboQYnOqSWxeHmCevAKcu/LgqdoV5f4LAH9O":{"chainKey":{"counter":0,"key":"FdWReU7wcanIA5cF+QaEUuFFq6AL85ANVkLoVRjsIdA="},"chainType":2,"messageKeys":{}},"BXxpk7behf2G5LCEe4E/Ho/z0Gi4v6vJezKnehaGMuJy":{"chainKey":{"counter":-1,"key":"pNaz7bTyDtXUj4uDYjOdqVjSH/INnYgouLn+XiwlGyY="},"chainType":1,"messageKeys":{}}}}},"version":"v1"}