{"_sessions":{"BUl3WXcBlXuA3MPcpmtuR2UdAKktEy+7dRDUq4zb2yY8":{"registrationId":1042183745,"currentRatchet":{"ephemeralKeyPair":{"pubKey":"BdKX1UiHaQBOyuof1dHclFfOKA57gHpXlC3j2CujLToX","privKey":"8P19Dlxntu8+9QTaDaw+FUhuQMaU8jwnFnhpuoWQemI="},"lastRemoteEphemeralKey":"BQZH4xafMBVYtGNFYRZQ+ivgFfKLN01n+G6vhlKQE6Vv","previousCounter":0,"rootKey":"upejDpG5QpxEfV6pqY2NelLctrDKgDkCg8P7s1vcQRc="},"indexInfo":{"baseKey":"BUl3WXcBlXuA3MPcpmtuR2UdAKktEy+7dRDUq4zb2yY8","baseKeyType":2,"closed":-1,"used":1759871311216,"created":1759871311216,"remoteIdentityKey":"BRDXFrya+YVAZYohF30aPwv4TsZDogBr1WfTbobx/bYp"},"_chains":{"BQZH4xafMBVYtGNFYRZQ+ivgFfKLN01n+G6vhlKQE6Vv":{"chainKey":{"counter":0,"key":"ZkYy3PHQLf10peRGjj1xjE9+wcWF7dIOR33iz3Nm2WU="},"chainType":2,"messageKeys":{}},"BdKX1UiHaQBOyuof1dHclFfOKA57gHpXlC3j2CujLToX":{"chainKey":{"counter":-1,"key":"Adg5XfmlMijSvJyJw2ylD/mkRYm103a4zUG3EZuvpP4="},"chainType":1,"messageKeys":{}}}}},"version":"v1"}