{"_sessions":{"BejDrfNeDwomxibmtpcr/hDPfs/JLWIaUTYFBxHXVYQD":{"registrationId":1054576013,"currentRatchet":{"ephemeralKeyPair":{"pubKey":"BYT3qSo8lMMntHM0Hq5nGP6ApsmGP4LpIgKtp1aAZltv","privKey":"OGR1oK/cDO/kCe4zpR4li2M0jzih1x4ot72FHfEFmlE="},"lastRemoteEphemeralKey":"BQT03oV5/U5W74t66YGe2G7SRbOIqAy2mqBi40haiqAZ","previousCounter":0,"rootKey":"QdydbB6uRN/mBRQBKRAOWO0nIxH3iZEktrytzsRX89o="},"indexInfo":{"baseKey":"BejDrfNeDwomxibmtpcr/hDPfs/JLWIaUTYFBxHXVYQD","baseKeyType":2,"closed":-1,"used":1759871310960,"created":1759871310960,"remoteIdentityKey":"BbAHSyOiL2DbOjbhkrmu3Nd6thwEusdHa7cISEFFoK4n"},"_chains":{"BQT03oV5/U5W74t66YGe2G7SRbOIqAy2mqBi40haiqAZ":{"chainKey":{"counter":0,"key":"DTWUfWlfkCb95fj+KrojmLxfIq84ALpKgFR7KCH9lMY="},"chainType":2,"messageKeys":{}},"BYT3qSo8lMMntHM0Hq5nGP6ApsmGP4LpIgKtp1aAZltv":{"chainKey":{"counter":-1,"key":"m5bBVexLvwFc60qyTa89pGFt8gsUKg8xCzZzcftEs2o="},"chainType":1,"messageKeys":{}}}}},"version":"v1"}