{"_sessions":{"BSB0qF09LSa0wlG9AA/hUnz17DPpkoWUmITtOvWDtYMx":{"registrationId":721413161,"currentRatchet":{"ephemeralKeyPair":{"pubKey":"BUAIJKLo5ok6N7C5HnvY1SfgkxtfTHjQWrF2mKUHVn5a","privKey":"EKGwn4vY6TrpLko0Iq6D8VSeNHbJd3tVgudqqrlmUnw="},"lastRemoteEphemeralKey":"BYh74Zcu22N0zpc0/FcJzfGpUm8fXi9xx8V6aTiwOuJl","previousCounter":0,"rootKey":"BopkPBcDdyEFgOxQSnVKqHZ4UyJqgBTsmz+bFibPz5o="},"indexInfo":{"baseKey":"BSB0qF09LSa0wlG9AA/hUnz17DPpkoWUmITtOvWDtYMx","baseKeyType":2,"closed":-1,"used":1759871311102,"created":1759871311102,"remoteIdentityKey":"BetXJHERgBdr+7Y3Wgb7V6vFQUa4G0ouFh2lHqycvE9P"},"_chains":{"BYh74Zcu22N0zpc0/FcJzfGpUm8fXi9xx8V6aTiwOuJl":{"chainKey":{"counter":0,"key":"NNnhlCwbUQdDbJGifBSBXYJtH3YlvntyfwcYOJ0hzLs="},"chainType":2,"messageKeys":{}},"BUAIJKLo5ok6N7C5HnvY1SfgkxtfTHjQWrF2mKUHVn5a":{"chainKey":{"counter":-1,"key":"31cU/ywQVhem9M2IRpaJZpqBK29A1dK+eAu1PWGLeo8="},"chainType":1,"messageKeys":{}}}}},"version":"v1"}