{"_sessions":{"Baxx9a/QVbBKTat8irwa3ROxXxz8gX0b+pOFD6QEnvpN":{"registrationId":715505568,"currentRatchet":{"ephemeralKeyPair":{"pubKey":"BXncQLK0VruoSPsqRBXfeZ8ikyu0ooUQCukdmfj02y4u","privKey":"6BLW9ZqbIEEvFmA3eEj/pFLJTXGw/bMi59RX47iJsEE="},"lastRemoteEphemeralKey":"BeSEuFB6BzzSXpDdYBObkMNB3v6dGiuFmq1BUGeE/7xM","previousCounter":0,"rootKey":"701yUNZhU7L1QefmSnVLiwruj/BgGRYKvu7P4DmN3Bk="},"indexInfo":{"baseKey":"Baxx9a/QVbBKTat8irwa3ROxXxz8gX0b+pOFD6QEnvpN","baseKeyType":2,"closed":-1,"used":1759871311304,"created":1759871311304,"remoteIdentityKey":"BXE/ydZLe/LkmtfqNdpLLFJPXlAG4b7ok+16R0LbTrxw"},"_chains":{"BeSEuFB6BzzSXpDdYBObkMNB3v6dGiuFmq1BUGeE/7xM":{"chainKey":{"counter":0,"key":"qSeoIisalJgSzaNLitc+JhmiVR4N+xhSZ/f3L3MveHo="},"chainType":2,"messageKeys":{}},"BXncQLK0VruoSPsqRBXfeZ8ikyu0ooUQCukdmfj02y4u":{"chainKey":{"counter":-1,"key":"uCnJWsbNzfUMRht0hwDVakFdW4zVDiVlq/k+BoCXzh4="},"chainType":1,"messageKeys":{}}}}},"version":"v1"}