{"_sessions":{"BbtyX+luWH6AcZZldD/ijiomjx+tbnt+DY/bKSNfRmcF":{"registrationId":355774483,"currentRatchet":{"ephemeralKeyPair":{"pubKey":"BbXsGKXG/FqY5gF3bXd02W5Fz4448l0sfHALaUK5KxUq","privKey":"wCug3ACJrRcY2wjfQKOgx+sAGtdpmfWNQPKVLDRiYEs="},"lastRemoteEphemeralKey":"BWkDzqIdeI778xZBeucztEFMS606nvsUBJfWRY4cP0g3","previousCounter":0,"rootKey":"Wm/fiXf9awfBhmGwEp1QvKG6EmmxrNaO/r7wth3GB4E="},"indexInfo":{"baseKey":"BbtyX+luWH6AcZZldD/ijiomjx+tbnt+DY/bKSNfRmcF","baseKeyType":2,"closed":-1,"used":1759871311092,"created":1759871311092,"remoteIdentityKey":"BZn17/FCh5ww7w4vjgL3yi9/gCd7bnBrOblmgLCCKuMh"},"_chains":{"BWkDzqIdeI778xZBeucztEFMS606nvsUBJfWRY4cP0g3":{"chainKey":{"counter":0,"key":"ycloqIb9NN872mX6cntXwpwiAjVK0/MDzYZ3CJRuwok="},"chainType":2,"messageKeys":{}},"BbXsGKXG/FqY5gF3bXd02W5Fz4448l0sfHALaUK5KxUq":{"chainKey":{"counter":-1,"key":"kSTy6hubdE5Qu2Knzc/Y8C/BR54lLT80ioHA1cIOomY="},"chainType":1,"messageKeys":{}}}}},"version":"v1"}