{"_sessions":{"BVeDID+oSm3iLn2rOC6aljmBshbBwBwv9uFRiIZ1E5dn":{"registrationId":1758061390,"currentRatchet":{"ephemeralKeyPair":{"pubKey":"BV1K4700sRUukg+yCuCgEFTvdqUh8bHRnyb8yfCqNpYG","privKey":"2GItvZNDnb5hzJMF3W0EFrrSBYSaLli9iKMSztA/dkc="},"lastRemoteEphemeralKey":"BZbP+7yP1HrUQJu4IShrkkJlN3ykoSVQo6zwUEdkXmdy","previousCounter":0,"rootKey":"koD49Hzlziwv1g0W0Mlu5QJTj8etKRbbqMtzwCaYsS8="},"indexInfo":{"baseKey":"BVeDID+oSm3iLn2rOC6aljmBshbBwBwv9uFRiIZ1E5dn","baseKeyType":2,"closed":-1,"used":1759871311160,"created":1759871311160,"remoteIdentityKey":"BYTjRPS/Ubd63SDuGPSJh5pV7BEiG726zNoNiC/Fyrpb"},"_chains":{"BZbP+7yP1HrUQJu4IShrkkJlN3ykoSVQo6zwUEdkXmdy":{"chainKey":{"counter":0,"key":"3AXfnbAteuLOCGJ9wtrqHqKleazs/gOVb09eEvoUWBE="},"chainType":2,"messageKeys":{}},"BV1K4700sRUukg+yCuCgEFTvdqUh8bHRnyb8yfCqNpYG":{"chainKey":{"counter":-1,"key":"MjrChEkoWVdHfGA5R0P97dEL9J6sYosPkcHktmolUF4="},"chainType":1,"messageKeys":{}}}}},"version":"v1"}