{"_sessions":{"BUbqL5mtvCNQqDrMpCUpqg2KFH0a5sHNbGFeHUO2vxBI":{"registrationId":123065219,"currentRatchet":{"ephemeralKeyPair":{"pubKey":"BcooImWqAO+fRTF/4O5CjXWbJd+COz/jw0RVK1dI580B","privKey":"+MARQbjzgZz23wHK13bW4/c6IYPwqC23100u0ix8dns="},"lastRemoteEphemeralKey":"BfqOO2JhuhWQMCMRQwsnNGBLl7CQGh+wSO+aTTYmR255","previousCounter":0,"rootKey":"46sz1k2zp1d0mchuaTT7lmpByFFP51vSeVwsjJJKEC8="},"indexInfo":{"baseKey":"BUbqL5mtvCNQqDrMpCUpqg2KFH0a5sHNbGFeHUO2vxBI","baseKeyType":2,"closed":-1,"used":1759871311050,"created":1759871311050,"remoteIdentityKey":"BaTixK9zpxYWjD+YI9ChoN/XqdpNEcIzUxWprYVKoCts"},"_chains":{"BfqOO2JhuhWQMCMRQwsnNGBLl7CQGh+wSO+aTTYmR255":{"chainKey":{"counter":0,"key":"IweCvExRj0zkAZ5Pq8gT5tgv9SXMn+Z7kczUqsGD5Mc="},"chainType":2,"messageKeys":{}},"BcooImWqAO+fRTF/4O5CjXWbJd+COz/jw0RVK1dI580B":{"chainKey":{"counter":-1,"key":"9dOKwlSWESTZIi65QTIY5dgU7cHy05B1OsNBRrrohQc="},"chainType":1,"messageKeys":{}}}}},"version":"v1"}