{"_sessions":{"BauogeEw8KWnv/DpwzVwbCUx2oKDOOgOul6GSCxILIdi":{"registrationId":1012714217,"currentRatchet":{"ephemeralKeyPair":{"pubKey":"BTLImjEkMKx5sJnuDedU5Q6P5qcHr9gyadThtzQpWLcr","privKey":"EFOy6Ay6ZDA3tQvRgQeUKWtyxYNUCAZiloQKhVs0Ono="},"lastRemoteEphemeralKey":"BS4qS3T+Wc+f8Wjbmck/oJchkSCiOpHKQcMTcCLD1cER","previousCounter":0,"rootKey":"aYNLtn6T/utKQ3+SsRkNm6Dg5g+2FOgY+FAG0NMiO1A="},"indexInfo":{"baseKey":"BauogeEw8KWnv/DpwzVwbCUx2oKDOOgOul6GSCxILIdi","baseKeyType":2,"closed":-1,"used":1759871311289,"created":1759871311289,"remoteIdentityKey":"BTxcODtlXRi+Dg2OltIAwEdso3gizWSqQXm70gvos9xv"},"_chains":{"BS4qS3T+Wc+f8Wjbmck/oJchkSCiOpHKQcMTcCLD1cER":{"chainKey":{"counter":0,"key":"k2Npl3KY//ZWihFlJe19TEs9ddLtWBCr0hFFHBrIJzY="},"chainType":2,"messageKeys":{}},"BTLImjEkMKx5sJnuDedU5Q6P5qcHr9gyadThtzQpWLcr":{"chainKey":{"counter":-1,"key":"GBVb7M+f7uHPkfCXLceJQWA1jHNeOwyNoduXNVnM1nI="},"chainType":1,"messageKeys":{}}}}},"version":"v1"}