{"_sessions":{"BbnG5isPCzIxTtYL0ZIFOJtgJMTdSlZCMu+F7VL4FyNy":{"registrationId":1837983843,"currentRatchet":{"ephemeralKeyPair":{"pubKey":"BdLBTXJceXoxXsGeiO5gMEBMmnP5omxO8c4pXhFyaFJV","privKey":"yBfgyz/TDGvEkIpgUiRLZLlUlA2i5t1qACyejBXfsWE="},"lastRemoteEphemeralKey":"BWK34HIGQ3FHZW6+P/BhGKSeekCNLowZ2LAgNJS/P60C","previousCounter":0,"rootKey":"NuG9+sDGeWHd0Fm0a+6JPsafhizSI63Jm+nmmn15tzc="},"indexInfo":{"baseKey":"BbnG5isPCzIxTtYL0ZIFOJtgJMTdSlZCMu+F7VL4FyNy","baseKeyType":2,"closed":-1,"used":1759871311224,"created":1759871311224,"remoteIdentityKey":"BQDgVPYCFlJVZeXH01e4VxgDCfbOavnXx5KUXSAzLG0q"},"_chains":{"BWK34HIGQ3FHZW6+P/BhGKSeekCNLowZ2LAgNJS/P60C":{"chainKey":{"counter":0,"key":"o5p/TgS9dv9sSuj6AfJKOoDXCj8dZKc2mAc3YQTttE0="},"chainType":2,"messageKeys":{}},"BdLBTXJceXoxXsGeiO5gMEBMmnP5omxO8c4pXhFyaFJV":{"chainKey":{"counter":-1,"key":"s9GikfpMUvhf6ZEzP8PCjekgVJ1GjSZUBPgi3BbBuc0="},"chainType":1,"messageKeys":{}}}}},"version":"v1"}