{"_sessions":{"BUsoC2VAFBBYZorpIlORoXN0sot+ajWfMLtFgEzAPugL":{"registrationId":1869888184,"currentRatchet":{"ephemeralKeyPair":{"pubKey":"BXCXUfERS4qM4W3XNEkEQn53cV1nynIUtsAkdzmrZD4Q","privKey":"UPKLnnlYbGxaTKAd/KzxGyYypexhgEw6k/MCAuqFTHY="},"lastRemoteEphemeralKey":"BdEHQM59Fq7ewd7X1WR1MuA9yU6DL1J0Ddu3I2Xd9vY/","previousCounter":0,"rootKey":"wcO9kAtsZl+J/sldkjN8ky7hn7Rca/eWIXTkEwx3TFM="},"indexInfo":{"baseKey":"BUsoC2VAFBBYZorpIlORoXN0sot+ajWfMLtFgEzAPugL","baseKeyType":2,"closed":-1,"used":1759871347210,"created":1759871347210,"remoteIdentityKey":"BfpGOeU/1ujAorTeBi8tfx+P3DI2jsCKzGJGlteVp6oG"},"_chains":{"BdEHQM59Fq7ewd7X1WR1MuA9yU6DL1J0Ddu3I2Xd9vY/":{"chainKey":{"counter":0,"key":"WqeCDUO88aFSQJQD1NRUayPsH46Pj61+ESLIu2iM7Jo="},"chainType":2,"messageKeys":{}},"BXCXUfERS4qM4W3XNEkEQn53cV1nynIUtsAkdzmrZD4Q":{"chainKey":{"counter":-1,"key":"HY3UpaHnuxWw+pFhm4tEcp1kOrnXY3VmXjWz3zSbG1U="},"chainType":1,"messageKeys":{}}}}},"version":"v1"}