{"_sessions":{"BYexBlI/u91Yecm4hOxfATXXCJTO/phkh8z8OcLoqX1j":{"registrationId":1067503693,"currentRatchet":{"ephemeralKeyPair":{"pubKey":"BeSnFsINiDnN5dTzDIsm2j0gYqnAjE66k0o6ZCfTvi9i","privKey":"eN5S76CzbBmMNzsQEdpQ3liIXhs4d0UFtZyU281O4Ek="},"lastRemoteEphemeralKey":"BasiJfYf49BTtCVnQeu8LKnOOw/ZxKT+MuSfQHpL951C","previousCounter":0,"rootKey":"XHMkzQTAQdysdG8UAZ1Kz/Q62lihX4DgzxUTMUAt0Gc="},"indexInfo":{"baseKey":"BYexBlI/u91Yecm4hOxfATXXCJTO/phkh8z8OcLoqX1j","baseKeyType":2,"closed":-1,"used":1759871311087,"created":1759871311087,"remoteIdentityKey":"Bf7nt61eNLorMh8HDwUmAJM+c7AF2/SRXFF80+qzKEkJ"},"_chains":{"BasiJfYf49BTtCVnQeu8LKnOOw/ZxKT+MuSfQHpL951C":{"chainKey":{"counter":0,"key":"9I9HYDuRKb5WP6/kRhw+jYS4JOEjUyc0XzvuOcSfao8="},"chainType":2,"messageKeys":{}},"BeSnFsINiDnN5dTzDIsm2j0gYqnAjE66k0o6ZCfTvi9i":{"chainKey":{"counter":-1,"key":"I3NVpuI1SemCDDKQQtNbsdZJjR+2Hk8faw5gCE7for0="},"chainType":1,"messageKeys":{}}}}},"version":"v1"}