{
  "name": "nil-bot",
  "version": "3.0.0",
  "lockfileVersion": 3,
  "requires": true,
  "packages": {
    "": {
      "name": "nil-bot",
      "version": "3.0.0",
      "license": "MIT",
      "dependencies": {
        "@whiskeysockets/baileys": "^6.7.20",
        "dotenv": "^16.6.1",
        "qrcode-terminal": "^0.12.0",
        "yt-search": "^2.13.1",
        "ytdl-core": "^4.11.5"
      }
    },
    "node_modules/@borewit/text-codec": {
      "version": "0.2.0",
      "resolved": "https://registry.npmjs.org/@borewit/text-codec/-/text-codec-0.2.0.tgz",
      "integrity": "sha512-X999CKBxGwX8wW+4gFibsbiNdwqmdQEXmUejIWaIqdrHBgS5ARIOOeyiQbHjP9G58xVEPcuvP6VwwH3A0OFTOA==",
      "license": "MIT",
      "funding": {
        "type": "github",
        "url": "https://github.com/sponsors/Borewit"
      }
    },
    "node_modules/@cacheable/memoize": {
      "version": "2.0.3",
      "resolved": "https://registry.npmjs.org/@cacheable/memoize/-/memoize-2.0.3.tgz",
      "integrity": "sha512-hl9wfQgpiydhQEIv7fkjEzTGE+tcosCXLKFDO707wYJ/78FVOlowb36djex5GdbSyeHnG62pomYLMuV/OT8Pbw==",
      "license": "MIT",
      "dependencies": {
        "@cacheable/utils": "^2.0.3"
      }
    },
    "node_modules/@cacheable/memory": {
      "version": "2.0.3",
      "resolved": "https://registry.npmjs.org/@cacheable/memory/-/memory-2.0.3.tgz",
      "integrity": "sha512-R3UKy/CKOyb1LZG/VRCTMcpiMDyLH7SH3JrraRdK6kf3GweWCOU3sgvE13W3TiDRbxnDKylzKJvhUAvWl9LQOA==",
      "license": "MIT",
      "dependencies": {
        "@cacheable/memoize": "^2.0.3",
        "@cacheable/utils": "^2.0.3",
        "@keyv/bigmap": "^1.0.2",
        "hookified": "^1.12.1",
        "keyv": "^5.5.3"
      }
    },
    "node_modules/@cacheable/node-cache": {
      "version": "1.7.3",
      "resolved": "https://registry.npmjs.org/@cacheable/node-cache/-/node-cache-1.7.3.tgz",
      "integrity": "sha512-Ch68eMFL//1m8BXOJgTDT/o47vVZHJM/hlaNqyLiGU2gjp1WGGnNDrwXjWmts3SRst1d1dzlPfa9iVdUKkSc7A==",
      "license": "MIT",
      "dependencies": {
        "cacheable": "^2.0.3",
        "hookified": "^1.12.0",
        "keyv": "^5.5.3"
      },
      "engines": {
        "node": ">=18"
      }
    },
    "node_modules/@cacheable/utils": {
      "version": "2.1.0",
      "resolved": "https://registry.npmjs.org/@cacheable/utils/-/utils-2.1.0.tgz",
      "integrity": "sha512-ZdxfOiaarMqMj+H7qwlt5EBKWaeGihSYVHdQv5lUsbn8MJJOTW82OIwirQ39U5tMZkNvy3bQE+ryzC+xTAb9/g==",
      "license": "MIT",
      "dependencies": {
        "keyv": "^5.5.3"
      }
    },
    "node_modules/@hapi/boom": {
      "version": "9.1.4",
      "resolved": "https://registry.npmjs.org/@hapi/boom/-/boom-9.1.4.tgz",
      "integrity": "sha512-Ls1oH8jaN1vNsqcaHVYJrKmgMcKsC1wcp8bujvXrHaAqD2iDYq3HoOwsxwo09Cuda5R5nC0o0IxlrlTuvPuzSw==",
      "license": "BSD-3-Clause",
      "dependencies": {
        "@hapi/hoek": "9.x.x"
      }
    },
    "node_modules/@hapi/hoek": {
      "version": "9.3.0",
      "resolved": "https://registry.npmjs.org/@hapi/hoek/-/hoek-9.3.0.tgz",
      "integrity": "sha512-/c6rf4UJlmHlC9b5BaNvzAcFv7HZ2QHaV0D4/HNlBdvFnvQq8RI4kYdhyPCl7Xj+oWvTWQ8ujhqS53LIgAe6KQ==",
      "license": "BSD-3-Clause"
    },
    "node_modules/@img/colour": {
      "version": "1.0.0",
      "resolved": "https://registry.npmjs.org/@img/colour/-/colour-1.0.0.tgz",
      "integrity": "sha512-A5P/LfWGFSl6nsckYtjw9da+19jB8hkJ6ACTGcDfEJ0aE+l2n2El7dsVM7UVHZQ9s2lmYMWlrS21YLy2IR1LUw==",
      "license": "MIT",
      "peer": true,
      "engines": {
        "node": ">=18"
      }
    },
    "node_modules/@jsep-plugin/assignment": {
      "version": "1.3.0",
      "resolved": "https://registry.npmjs.org/@jsep-plugin/assignment/-/assignment-1.3.0.tgz",
      "integrity": "sha512-VVgV+CXrhbMI3aSusQyclHkenWSAm95WaiKrMxRFam3JSUiIaQjoMIw2sEs/OX4XifnqeQUN4DYbJjlA8EfktQ==",
      "license": "MIT",
      "engines": {
        "node": ">= 10.16.0"
      },
      "peerDependencies": {
        "jsep": "^0.4.0||^1.0.0"
      }
    },
    "node_modules/@jsep-plugin/regex": {
      "version": "1.0.4",
      "resolved": "https://registry.npmjs.org/@jsep-plugin/regex/-/regex-1.0.4.tgz",
      "integrity": "sha512-q7qL4Mgjs1vByCaTnDFcBnV9HS7GVPJX5vyVoCgZHNSC9rjwIlmbXG5sUuorR5ndfHAIlJ8pVStxvjXHbNvtUg==",
      "license": "MIT",
      "engines": {
        "node": ">= 10.16.0"
      },
      "peerDependencies": {
        "jsep": "^0.4.0||^1.0.0"
      }
    },
    "node_modules/@keyv/bigmap": {
      "version": "1.0.2",
      "resolved": "https://registry.npmjs.org/@keyv/bigmap/-/bigmap-1.0.2.tgz",
      "integrity": "sha512-KR03xkEZlAZNF4IxXgVXb+uNIVNvwdh8UwI0cnc7WI6a+aQcDp8GL80qVfeB4E5NpsKJzou5jU0r6yLSSbMOtA==",
      "license": "MIT",
      "dependencies": {
        "hookified": "^1.12.1"
      },
      "engines": {
        "node": ">= 18"
      }
    },
    "node_modules/@keyv/serialize": {
      "version": "1.1.1",
      "resolved": "https://registry.npmjs.org/@keyv/serialize/-/serialize-1.1.1.tgz",
      "integrity": "sha512-dXn3FZhPv0US+7dtJsIi2R+c7qWYiReoEh5zUntWCf4oSpMNib8FDhSoed6m3QyZdx5hK7iLFkYk3rNxwt8vTA==",
      "license": "MIT"
    },
    "node_modules/@protobufjs/aspromise": {
      "version": "1.1.2",
      "resolved": "https://registry.npmjs.org/@protobufjs/aspromise/-/aspromise-1.1.2.tgz",
      "integrity": "sha512-j+gKExEuLmKwvz3OgROXtrJ2UG2x8Ch2YZUxahh+s1F2HZ+wAceUNLkvy6zKCPVRkU++ZWQrdxsUeQXmcg4uoQ==",
      "license": "BSD-3-Clause"
    },
    "node_modules/@protobufjs/base64": {
      "version": "1.1.2",
      "resolved": "https://registry.npmjs.org/@protobufjs/base64/-/base64-1.1.2.tgz",
      "integrity": "sha512-AZkcAA5vnN/v4PDqKyMR5lx7hZttPDgClv83E//FMNhR2TMcLUhfRUBHCmSl0oi9zMgDDqRUJkSxO3wm85+XLg==",
      "license": "BSD-3-Clause"
    },
    "node_modules/@protobufjs/codegen": {
      "version": "2.0.4",
      "resolved": "https://registry.npmjs.org/@protobufjs/codegen/-/codegen-2.0.4.tgz",
      "integrity": "sha512-YyFaikqM5sH0ziFZCN3xDC7zeGaB/d0IUb9CATugHWbd1FRFwWwt4ld4OYMPWu5a3Xe01mGAULCdqhMlPl29Jg==",
      "license": "BSD-3-Clause"
    },
    "node_modules/@protobufjs/eventemitter": {
      "version": "1.1.0",
      "resolved": "https://registry.npmjs.org/@protobufjs/eventemitter/-/eventemitter-1.1.0.tgz",
      "integrity": "sha512-j9ednRT81vYJ9OfVuXG6ERSTdEL1xVsNgqpkxMsbIabzSo3goCjDIveeGv5d03om39ML71RdmrGNjG5SReBP/Q==",
      "license": "BSD-3-Clause"
    },
    "node_modules/@protobufjs/fetch": {
      "version": "1.1.0",
      "resolved": "https://registry.npmjs.org/@protobufjs/fetch/-/fetch-1.1.0.tgz",
      "integrity": "sha512-lljVXpqXebpsijW71PZaCYeIcE5on1w5DlQy5WH6GLbFryLUrBD4932W/E2BSpfRJWseIL4v/KPgBFxDOIdKpQ==",
      "license": "BSD-3-Clause",
      "dependencies": {
        "@protobufjs/aspromise": "^1.1.1",
        "@protobufjs/inquire": "^1.1.0"
      }
    },
    "node_modules/@protobufjs/float": {
      "version": "1.0.2",
      "resolved": "https://registry.npmjs.org/@protobufjs/float/-/float-1.0.2.tgz",
      "integrity": "sha512-Ddb+kVXlXst9d+R9PfTIxh1EdNkgoRe5tOX6t01f1lYWOvJnSPDBlG241QLzcyPdoNTsblLUdujGSE4RzrTZGQ==",
      "license": "BSD-3-Clause"
    },
    "node_modules/@protobufjs/inquire": {
      "version": "1.1.0",
      "resolved": "https://registry.npmjs.org/@protobufjs/inquire/-/inquire-1.1.0.tgz",
      "integrity": "sha512-kdSefcPdruJiFMVSbn801t4vFK7KB/5gd2fYvrxhuJYg8ILrmn9SKSX2tZdV6V+ksulWqS7aXjBcRXl3wHoD9Q==",
      "license": "BSD-3-Clause"
    },
    "node_modules/@protobufjs/path": {
      "version": "1.1.2",
      "resolved": "https://registry.npmjs.org/@protobufjs/path/-/path-1.1.2.tgz",
      "integrity": "sha512-6JOcJ5Tm08dOHAbdR3GrvP+yUUfkjG5ePsHYczMFLq3ZmMkAD98cDgcT2iA1lJ9NVwFd4tH/iSSoe44YWkltEA==",
      "license": "BSD-3-Clause"
    },
    "node_modules/@protobufjs/pool": {
      "version": "1.1.0",
      "resolved": "https://registry.npmjs.org/@protobufjs/pool/-/pool-1.1.0.tgz",
      "integrity": "sha512-0kELaGSIDBKvcgS4zkjz1PeddatrjYcmMWOlAuAPwAeccUrPHdUqo/J6LiymHHEiJT5NrF1UVwxY14f+fy4WQw==",
      "license": "BSD-3-Clause"
    },
    "node_modules/@protobufjs/utf8": {
      "version": "1.1.0",
      "resolved": "https://registry.npmjs.org/@protobufjs/utf8/-/utf8-1.1.0.tgz",
      "integrity": "sha512-Vvn3zZrhQZkkBE8LSuW3em98c0FwgO4nxzv6OdSxPKJIEKY2bGbHn+mhGIPerzI4twdxaP8/0+06HBpwf345Lw==",
      "license": "BSD-3-Clause"
    },
    "node_modules/@tokenizer/inflate": {
      "version": "0.2.7",
      "resolved": "https://registry.npmjs.org/@tokenizer/inflate/-/inflate-0.2.7.tgz",
      "integrity": "sha512-MADQgmZT1eKjp06jpI2yozxaU9uVs4GzzgSL+uEq7bVcJ9V1ZXQkeGNql1fsSI0gMy1vhvNTNbUqrx+pZfJVmg==",
      "license": "MIT",
      "dependencies": {
        "debug": "^4.4.0",
        "fflate": "^0.8.2",
        "token-types": "^6.0.0"
      },
      "engines": {
        "node": ">=18"
      },
      "funding": {
        "type": "github",
        "url": "https://github.com/sponsors/Borewit"
      }
    },
    "node_modules/@tokenizer/token": {
      "version": "0.3.0",
      "resolved": "https://registry.npmjs.org/@tokenizer/token/-/token-0.3.0.tgz",
      "integrity": "sha512-OvjF+z51L3ov0OyAU0duzsYuvO01PH7x4t6DJx+guahgTnBHkhJdG7soQeTSFLWN3efnHyibZ4Z8l2EuWwJN3A==",
      "license": "MIT"
    },
    "node_modules/@types/long": {
      "version": "4.0.2",
      "resolved": "https://registry.npmjs.org/@types/long/-/long-4.0.2.tgz",
      "integrity": "sha512-MqTGEo5bj5t157U6fA/BiDynNkn0YknVdh48CMPkTSpFTVmvao5UQmm7uEF6xBEo7qIMAlY/JSleYaE6VOdpaA==",
      "license": "MIT"
    },
    "node_modules/@types/node": {
      "version": "24.7.0",
      "resolved": "https://registry.npmjs.org/@types/node/-/node-24.7.0.tgz",
      "integrity": "sha512-IbKooQVqUBrlzWTi79E8Fw78l8k1RNtlDDNWsFZs7XonuQSJ8oNYfEeclhprUldXISRMLzBpILuKgPlIxm+/Yw==",
      "license": "MIT",
      "dependencies": {
        "undici-types": "~7.14.0"
      }
    },
    "node_modules/@whiskeysockets/baileys": {
      "version": "6.7.20",
      "resolved": "https://registry.npmjs.org/@whiskeysockets/baileys/-/baileys-6.7.20.tgz",
      "integrity": "sha512-KH/jaCSlZbnAnQZhSORIJ9VCuh6aLgYlLo9YZIAbGeL5ovm0S/mx2UNJiPotu+dsno9AwGLIaciGI6BU8twhdA==",
      "hasInstallScript": true,
      "license": "MIT",
      "dependencies": {
        "@cacheable/node-cache": "^1.4.0",
        "@hapi/boom": "^9.1.3",
        "async-mutex": "^0.5.0",
        "axios": "^1.6.0",
        "libsignal": "git+https://github.com/whiskeysockets/libsignal-node.git",
        "music-metadata": "^11.7.0",
        "pino": "^9.6",
        "protobufjs": "^7.2.4",
        "ws": "^8.13.0"
      },
      "engines": {
        "node": ">=20.0.0"
      },
      "peerDependencies": {
        "audio-decode": "^2.1.3",
        "jimp": "^1.6.0",
        "link-preview-js": "^3.0.0",
        "sharp": "*"
      },
      "peerDependenciesMeta": {
        "audio-decode": {
          "optional": true
        },
        "jimp": {
          "optional": true
        },
        "link-preview-js": {
          "optional": true
        }
      }
    },
    "node_modules/async-mutex": {
      "version": "0.5.0",
      "resolved": "https://registry.npmjs.org/async-mutex/-/async-mutex-0.5.0.tgz",
      "integrity": "sha512-1A94B18jkJ3DYq284ohPxoXbfTA5HsQ7/Mf4DEhcyLx3Bz27Rh59iScbB6EPiP+B+joue6YCxcMXSbFC1tZKwA==",
      "license": "MIT",
      "dependencies": {
        "tslib": "^2.4.0"
      }
    },
    "node_modules/async.parallellimit": {
      "version": "0.5.2",
      "resolved": "https://registry.npmjs.org/async.parallellimit/-/async.parallellimit-0.5.2.tgz",
      "integrity": "sha512-4Di2nFsb3jL7aUIICvRSvtw/oynpMIx0JrwYn5hqJI661Dd+mYBi2ElOukOQgRHihU1SCTapb86Vx/Snva5M1w==",
      "license": "MIT",
      "dependencies": {
        "async.util.eachoflimit": "0.5.2",
        "async.util.parallel": "0.5.2"
      }
    },
    "node_modules/async.util.eachoflimit": {
      "version": "0.5.2",
      "resolved": "https://registry.npmjs.org/async.util.eachoflimit/-/async.util.eachoflimit-0.5.2.tgz",
      "integrity": "sha512-oZksH0sBW0AEOJKgBCQ79io9DZruoRBLTAea/Ik36pejR7pDpByvtXeuJsoZdPwSVslsrQcsUfucbUaiXYBnAQ==",
      "license": "MIT",
      "dependencies": {
        "async.util.keyiterator": "0.5.2",
        "async.util.noop": "0.5.2",
        "async.util.once": "0.5.2",
        "async.util.onlyonce": "0.5.2"
      }
    },
    "node_modules/async.util.isarray": {
      "version": "0.5.2",
      "resolved": "https://registry.npmjs.org/async.util.isarray/-/async.util.isarray-0.5.2.tgz",
      "integrity": "sha512-wbUzlrwON8RUgi+v/rhF0U99Ce8Osjcn+JP/mFNg6ymvShcobAOvE6cvLajSY5dPqKCOE1xfdhefgBif11zZgw==",
      "license": "MIT"
    },
    "node_modules/async.util.isarraylike": {
      "version": "0.5.2",
      "resolved": "https://registry.npmjs.org/async.util.isarraylike/-/async.util.isarraylike-0.5.2.tgz",
      "integrity": "sha512-DbFpsz3ZFNkohAW8IpGTlm8gotU32zpqe3Y2XkEA/G3XNO6rmUTKPpo7XgXUruoI+AsGi8+0zWpJHe7t1sLiAg==",
      "license": "MIT",
      "dependencies": {
        "async.util.isarray": "0.5.2"
      }
    },
    "node_modules/async.util.keyiterator": {
      "version": "0.5.2",
      "resolved": "https://registry.npmjs.org/async.util.keyiterator/-/async.util.keyiterator-0.5.2.tgz",
      "integrity": "sha512-cktrETawCwgu13y3KZs2uMGFnNHc+IjKPZsavtRaoCjLELkePb2co4zrr+ghPvEqLXZIJPTKqC2HFZgJTssMVw==",
      "license": "MIT",
      "dependencies": {
        "async.util.isarraylike": "0.5.2",
        "async.util.keys": "0.5.2"
      }
    },
    "node_modules/async.util.keys": {
      "version": "0.5.2",
      "resolved": "https://registry.npmjs.org/async.util.keys/-/async.util.keys-0.5.2.tgz",
      "integrity": "sha512-umCOCRCRYwIC2Ho3fbuhKwIIe7OhQsVoVKGoF5GoQiGJUmjP4TG0Bmmcdpm7yW/znoIGKpnjKzVQz0niH4tfqw==",
      "license": "MIT"
    },
    "node_modules/async.util.noop": {
      "version": "0.5.2",
      "resolved": "https://registry.npmjs.org/async.util.noop/-/async.util.noop-0.5.2.tgz",
      "integrity": "sha512-AdwShXwE0KoskgqVJAck8zcM32nIHj3AC8ZN62ZaR5srhrY235Nw18vOJZWxcOfhxdVM0hRVKM8kMx7lcl7cCQ==",
      "license": "MIT"
    },
    "node_modules/async.util.once": {
      "version": "0.5.2",
      "resolved": "https://registry.npmjs.org/async.util.once/-/async.util.once-0.5.2.tgz",
      "integrity": "sha512-YQ5WPzDTt2jlblUDkq2I5RV/KiAJErJ4/0cEFhYPaZzqIuF/xDzdGvnEKe7UeuoMszsVPeajzcpKgkbwdb9MUA==",
      "license": "MIT"
    },
    "node_modules/async.util.onlyonce": {
      "version": "0.5.2",
      "resolved": "https://registry.npmjs.org/async.util.onlyonce/-/async.util.onlyonce-0.5.2.tgz",
      "integrity": "sha512-UgQvkU9JZ+I0Cm1f56XyGXcII+J3d/5XWUuHpcevlItuA3WFSJcqZrsyAUck2FkRSD8BwYQX1zUTDp3SJMVESg==",
      "license": "MIT"
    },
    "node_modules/async.util.parallel": {
      "version": "0.5.2",
      "resolved": "https://registry.npmjs.org/async.util.parallel/-/async.util.parallel-0.5.2.tgz",
      "integrity": "sha512-0bEvwmQ8fxsTYNwacw5iq0i3PvGryRkXxZ01Rvox21izdMdls9IH2rAZjfunbgI8j6nFRyIdCmMINQ9kka99ow==",
      "license": "MIT",
      "dependencies": {
        "async.util.isarraylike": "0.5.2",
        "async.util.noop": "0.5.2",
        "async.util.restparam": "0.5.2"
      }
    },
    "node_modules/async.util.restparam": {
      "version": "0.5.2",
      "resolved": "https://registry.npmjs.org/async.util.restparam/-/async.util.restparam-0.5.2.tgz",
      "integrity": "sha512-Q9Z+zgmtMxFX5i7CnBvNOkgrL5hptztCqwarQluyNudUUk4iCmyjmsQl8MuQEjNh3gGqP5ayvDaextL1VXXgIg==",
      "license": "MIT"
    },
    "node_modules/asynckit": {
      "version": "0.4.0",
      "resolved": "https://registry.npmjs.org/asynckit/-/asynckit-0.4.0.tgz",
      "integrity": "sha512-Oei9OH4tRh0YqU3GxhX79dM/mwVgvbZJaSNaRk+bshkj0S5cfHcgYakreBjrHwatXKbz+IoIdYLxrKim2MjW0Q==",
      "license": "MIT"
    },
    "node_modules/atomic-sleep": {
      "version": "1.0.0",
      "resolved": "https://registry.npmjs.org/atomic-sleep/-/atomic-sleep-1.0.0.tgz",
      "integrity": "sha512-kNOjDqAh7px0XWNI+4QbzoiR/nTkHAWNud2uvnJquD1/x5a7EQZMJT0AczqK0Qn67oY/TTQ1LbUKajZpp3I9tQ==",
      "license": "MIT",
      "engines": {
        "node": ">=8.0.0"
      }
    },
    "node_modules/axios": {
      "version": "1.12.2",
      "resolved": "https://registry.npmjs.org/axios/-/axios-1.12.2.tgz",
      "integrity": "sha512-vMJzPewAlRyOgxV2dU0Cuz2O8zzzx9VYtbJOaBgXFeLc4IV/Eg50n4LowmehOOR61S8ZMpc2K5Sa7g6A4jfkUw==",
      "license": "MIT",
      "dependencies": {
        "follow-redirects": "^1.15.6",
        "form-data": "^4.0.4",
        "proxy-from-env": "^1.1.0"
      }
    },
    "node_modules/balanced-match": {
      "version": "1.0.2",
      "resolved": "https://registry.npmjs.org/balanced-match/-/balanced-match-1.0.2.tgz",
      "integrity": "sha512-3oSeUO0TMV67hN1AmbXsK4yaqU7tjiHlbxRDZOpH0KW9+CeX4bRAaX0Anxt0tx2MrpRpWwQaPwIlISEJhYU5Pw==",
      "license": "MIT"
    },
    "node_modules/boolbase": {
      "version": "1.0.0",
      "resolved": "https://registry.npmjs.org/boolbase/-/boolbase-1.0.0.tgz",
      "integrity": "sha512-JZOSA7Mo9sNGB8+UjSgzdLtokWAky1zbztM3WRLCbZ70/3cTANmQmOdR7y2g+J0e2WXywy1yS468tY+IruqEww==",
      "license": "ISC"
    },
    "node_modules/boolstring": {
      "version": "2.0.1",
      "resolved": "https://registry.npmjs.org/boolstring/-/boolstring-2.0.1.tgz",
      "integrity": "sha512-tpNlEZsRdZzIP7KElpv0GRiRsnkh7+Ko+W2ohZt2DcH3/z/Gya1r+0dlSSNc5GWGSt0zG7c4JV02U7ZCk/1lWw==",
      "license": "MIT"
    },
    "node_modules/brace-expansion": {
      "version": "1.1.12",
      "resolved": "https://registry.npmjs.org/brace-expansion/-/brace-expansion-1.1.12.tgz",
      "integrity": "sha512-9T9UjW3r0UW5c1Q7GTwllptXwhvYmEzFhzMfZ9H7FQWt+uZePjZPjBP/W1ZEyZ1twGWom5/56TF4lPcqjnDHcg==",
      "license": "MIT",
      "dependencies": {
        "balanced-match": "^1.0.0",
        "concat-map": "0.0.1"
      }
    },
    "node_modules/cacheable": {
      "version": "2.1.0",
      "resolved": "https://registry.npmjs.org/cacheable/-/cacheable-2.1.0.tgz",
      "integrity": "sha512-zzL1BxdnqwD69JRT0dihnawAcLkBMwAH+hZSKjUzeBbPedVhk3qYPjRw9VOMYWwt5xRih5xd8S+3kEdGohZm/g==",
      "license": "MIT",
      "dependencies": {
        "@cacheable/memoize": "^2.0.3",
        "@cacheable/memory": "^2.0.3",
        "@cacheable/utils": "^2.1.0",
        "hookified": "^1.12.1",
        "keyv": "^5.5.3",
        "qified": "^0.5.0"
      }
    },
    "node_modules/call-bind-apply-helpers": {
      "version": "1.0.2",
      "resolved": "https://registry.npmjs.org/call-bind-apply-helpers/-/call-bind-apply-helpers-1.0.2.tgz",
      "integrity": "sha512-Sp1ablJ0ivDkSzjcaJdxEunN5/XvksFJ2sMBFfq6x0ryhQV/2b/KwFe21cMpmHtPOSij8K99/wSfoEuTObmuMQ==",
      "license": "MIT",
      "dependencies": {
        "es-errors": "^1.3.0",
        "function-bind": "^1.1.2"
      },
      "engines": {
        "node": ">= 0.4"
      }
    },
    "node_modules/cheerio": {
      "version": "1.1.2",
      "resolved": "https://registry.npmjs.org/cheerio/-/cheerio-1.1.2.tgz",
      "integrity": "sha512-IkxPpb5rS/d1IiLbHMgfPuS0FgiWTtFIm/Nj+2woXDLTZ7fOT2eqzgYbdMlLweqlHbsZjxEChoVK+7iph7jyQg==",
      "license": "MIT",
      "dependencies": {
        "cheerio-select": "^2.1.0",
        "dom-serializer": "^2.0.0",
        "domhandler": "^5.0.3",
        "domutils": "^3.2.2",
        "encoding-sniffer": "^0.2.1",
        "htmlparser2": "^10.0.0",
        "parse5": "^7.3.0",
        "parse5-htmlparser2-tree-adapter": "^7.1.0",
        "parse5-parser-stream": "^7.1.2",
        "undici": "^7.12.0",
        "whatwg-mimetype": "^4.0.0"
      },
      "engines": {
        "node": ">=20.18.1"
      },
      "funding": {
        "url": "https://github.com/cheeriojs/cheerio?sponsor=1"
      }
    },
    "node_modules/cheerio-select": {
      "version": "2.1.0",
      "resolved": "https://registry.npmjs.org/cheerio-select/-/cheerio-select-2.1.0.tgz",
      "integrity": "sha512-9v9kG0LvzrlcungtnJtpGNxY+fzECQKhK4EGJX2vByejiMX84MFNQw4UxPJl3bFbTMw+Dfs37XaIkCwTZfLh4g==",
      "license": "BSD-2-Clause",
      "dependencies": {
        "boolbase": "^1.0.0",
        "css-select": "^5.1.0",
        "css-what": "^6.1.0",
        "domelementtype": "^2.3.0",
        "domhandler": "^5.0.3",
        "domutils": "^3.0.1"
      },
      "funding": {
        "url": "https://github.com/sponsors/fb55"
      }
    },
    "node_modules/combined-stream": {
      "version": "1.0.8",
      "resolved": "https://registry.npmjs.org/combined-stream/-/combined-stream-1.0.8.tgz",
      "integrity": "sha512-FQN4MRfuJeHf7cBbBMJFXhKSDq+2kAArBlmRBvcvFE5BB1HZKXtSFASDhdlz9zOYwxh8lDdnvmMOe/+5cdoEdg==",
      "license": "MIT",
      "dependencies": {
        "delayed-stream": "~1.0.0"
      },
      "engines": {
        "node": ">= 0.8"
      }
    },
    "node_modules/concat-map": {
      "version": "0.0.1",
      "resolved": "https://registry.npmjs.org/concat-map/-/concat-map-0.0.1.tgz",
      "integrity": "sha512-/Srv4dswyQNBfohGpz9o6Yb3Gz3SrUDqBH5rTuhGR7ahtlbYKnVxw2bCFMRljaA7EXHaXZ8wsHdodFvbkhKmqg==",
      "license": "MIT"
    },
    "node_modules/content-type": {
      "version": "1.0.5",
      "resolved": "https://registry.npmjs.org/content-type/-/content-type-1.0.5.tgz",
      "integrity": "sha512-nTjqfcBFEipKdXCv4YDQWCfmcLZKm81ldF0pAopTvyrFGVbcR6P/VAAd5G7N+0tTr8QqiU0tFadD6FK4NtJwOA==",
      "license": "MIT",
      "engines": {
        "node": ">= 0.6"
      }
    },
    "node_modules/css-select": {
      "version": "5.2.2",
      "resolved": "https://registry.npmjs.org/css-select/-/css-select-5.2.2.tgz",
      "integrity": "sha512-TizTzUddG/xYLA3NXodFM0fSbNizXjOKhqiQQwvhlspadZokn1KDy0NZFS0wuEubIYAV5/c1/lAr0TaaFXEXzw==",
      "license": "BSD-2-Clause",
      "dependencies": {
        "boolbase": "^1.0.0",
        "css-what": "^6.1.0",
        "domhandler": "^5.0.2",
        "domutils": "^3.0.1",
        "nth-check": "^2.0.1"
      },
      "funding": {
        "url": "https://github.com/sponsors/fb55"
      }
    },
    "node_modules/css-what": {
      "version": "6.2.2",
      "resolved": "https://registry.npmjs.org/css-what/-/css-what-6.2.2.tgz",
      "integrity": "sha512-u/O3vwbptzhMs3L1fQE82ZSLHQQfto5gyZzwteVIEyeaY5Fc7R4dapF/BvRoSYFeqfBk4m0V1Vafq5Pjv25wvA==",
      "license": "BSD-2-Clause",
      "engines": {
        "node": ">= 6"
      },
      "funding": {
        "url": "https://github.com/sponsors/fb55"
      }
    },
    "node_modules/curve25519-js": {
      "version": "0.0.4",
      "resolved": "https://registry.npmjs.org/curve25519-js/-/curve25519-js-0.0.4.tgz",
      "integrity": "sha512-axn2UMEnkhyDUPWOwVKBMVIzSQy2ejH2xRGy1wq81dqRwApXfIzfbE3hIX0ZRFBIihf/KDqK158DLwESu4AK1w==",
      "license": "MIT"
    },
    "node_modules/dasu": {
      "version": "0.4.3",
      "resolved": "https://registry.npmjs.org/dasu/-/dasu-0.4.3.tgz",
      "integrity": "sha512-AFwspl5k7V8MW8H7tyIGJ0gtOauUg7JC+DgiRFUIXvPNNDFXTMtvnCkZY0macN6JLGqBjNP38WVnQN7Iv3RSlg==",
      "license": "MIT"
    },
    "node_modules/debug": {
      "version": "4.4.3",
      "resolved": "https://registry.npmjs.org/debug/-/debug-4.4.3.tgz",
      "integrity": "sha512-RGwwWnwQvkVfavKVt22FGLw+xYSdzARwm0ru6DhTVA3umU5hZc28V3kO4stgYryrTlLpuvgI9GiijltAjNbcqA==",
      "license": "MIT",
      "dependencies": {
        "ms": "^2.1.3"
      },
      "engines": {
        "node": ">=6.0"
      },
      "peerDependenciesMeta": {
        "supports-color": {
          "optional": true
        }
      }
    },
    "node_modules/delayed-stream": {
      "version": "1.0.0",
      "resolved": "https://registry.npmjs.org/delayed-stream/-/delayed-stream-1.0.0.tgz",
      "integrity": "sha512-ZySD7Nf91aLB0RxL4KGrKHBXl7Eds1DAmEdcoVawXnLD7SDhpNgtuII2aAkg7a7QS41jxPSZ17p4VdGnMHk3MQ==",
      "license": "MIT",
      "engines": {
        "node": ">=0.4.0"
      }
    },
    "node_modules/detect-libc": {
      "version": "2.1.2",
      "resolved": "https://registry.npmjs.org/detect-libc/-/detect-libc-2.1.2.tgz",
      "integrity": "sha512-Btj2BOOO83o3WyH59e8MgXsxEQVcarkUOpEYrubB0urwnN10yQ364rsiByU11nZlqWYZm05i/of7io4mzihBtQ==",
      "license": "Apache-2.0",
      "peer": true,
      "engines": {
        "node": ">=8"
      }
    },
    "node_modules/dom-serializer": {
      "version": "2.0.0",
      "resolved": "https://registry.npmjs.org/dom-serializer/-/dom-serializer-2.0.0.tgz",
      "integrity": "sha512-wIkAryiqt/nV5EQKqQpo3SToSOV9J0DnbJqwK7Wv/Trc92zIAYZ4FlMu+JPFW1DfGFt81ZTCGgDEabffXeLyJg==",
      "license": "MIT",
      "dependencies": {
        "domelementtype": "^2.3.0",
        "domhandler": "^5.0.2",
        "entities": "^4.2.0"
      },
      "funding": {
        "url": "https://github.com/cheeriojs/dom-serializer?sponsor=1"
      }
    },
    "node_modules/domelementtype": {
      "version": "2.3.0",
      "resolved": "https://registry.npmjs.org/domelementtype/-/domelementtype-2.3.0.tgz",
      "integrity": "sha512-OLETBj6w0OsagBwdXnPdN0cnMfF9opN69co+7ZrbfPGrdpPVNBUj02spi6B1N7wChLQiPn4CSH/zJvXw56gmHw==",
      "funding": [
        {
          "type": "github",
          "url": "https://github.com/sponsors/fb55"
        }
      ],
      "license": "BSD-2-Clause"
    },
    "node_modules/domhandler": {
      "version": "5.0.3",
      "resolved": "https://registry.npmjs.org/domhandler/-/domhandler-5.0.3.tgz",
      "integrity": "sha512-cgwlv/1iFQiFnU96XXgROh8xTeetsnJiDsTc7TYCLFd9+/WNkIqPTxiM/8pSd8VIrhXGTf1Ny1q1hquVqDJB5w==",
      "license": "BSD-2-Clause",
      "dependencies": {
        "domelementtype": "^2.3.0"
      },
      "engines": {
        "node": ">= 4"
      },
      "funding": {
        "url": "https://github.com/fb55/domhandler?sponsor=1"
      }
    },
    "node_modules/domutils": {
      "version": "3.2.2",
      "resolved": "https://registry.npmjs.org/domutils/-/domutils-3.2.2.tgz",
      "integrity": "sha512-6kZKyUajlDuqlHKVX1w7gyslj9MPIXzIFiz/rGu35uC1wMi+kMhQwGhl4lt9unC9Vb9INnY9Z3/ZA3+FhASLaw==",
      "license": "BSD-2-Clause",
      "dependencies": {
        "dom-serializer": "^2.0.0",
        "domelementtype": "^2.3.0",
        "domhandler": "^5.0.3"
      },
      "funding": {
        "url": "https://github.com/fb55/domutils?sponsor=1"
      }
    },
    "node_modules/dotenv": {
      "version": "16.6.1",
      "resolved": "https://registry.npmjs.org/dotenv/-/dotenv-16.6.1.tgz",
      "integrity": "sha512-uBq4egWHTcTt33a72vpSG0z3HnPuIl6NqYcTrKEg2azoEyl2hpW0zqlxysq2pK9HlDIHyHyakeYaYnSAwd8bow==",
      "license": "BSD-2-Clause",
      "engines": {
        "node": ">=12"
      },
      "funding": {
        "url": "https://dotenvx.com"
      }
    },
    "node_modules/dunder-proto": {
      "version": "1.0.1",
      "resolved": "https://registry.npmjs.org/dunder-proto/-/dunder-proto-1.0.1.tgz",
      "integrity": "sha512-KIN/nDJBQRcXw0MLVhZE9iQHmG68qAVIBg9CqmUYjmQIhgij9U5MFvrqkUL5FbtyyzZuOeOt0zdeRe4UY7ct+A==",
      "license": "MIT",
      "dependencies": {
        "call-bind-apply-helpers": "^1.0.1",
        "es-errors": "^1.3.0",
        "gopd": "^1.2.0"
      },
      "engines": {
        "node": ">= 0.4"
      }
    },
    "node_modules/encoding-sniffer": {
      "version": "0.2.1",
      "resolved": "https://registry.npmjs.org/encoding-sniffer/-/encoding-sniffer-0.2.1.tgz",
      "integrity": "sha512-5gvq20T6vfpekVtqrYQsSCFZ1wEg5+wW0/QaZMWkFr6BqD3NfKs0rLCx4rrVlSWJeZb5NBJgVLswK/w2MWU+Gw==",
      "license": "MIT",
      "dependencies": {
        "iconv-lite": "^0.6.3",
        "whatwg-encoding": "^3.1.1"
      },
      "funding": {
        "url": "https://github.com/fb55/encoding-sniffer?sponsor=1"
      }
    },
    "node_modules/entities": {
      "version": "4.5.0",
      "resolved": "https://registry.npmjs.org/entities/-/entities-4.5.0.tgz",
      "integrity": "sha512-V0hjH4dGPh9Ao5p0MoRY6BVqtwCjhz6vI5LT8AJ55H+4g9/4vbHx1I54fS0XuclLhDHArPQCiMjDxjaL8fPxhw==",
      "license": "BSD-2-Clause",
      "engines": {
        "node": ">=0.12"
      },
      "funding": {
        "url": "https://github.com/fb55/entities?sponsor=1"
      }
    },
    "node_modules/es-define-property": {
      "version": "1.0.1",
      "resolved": "https://registry.npmjs.org/es-define-property/-/es-define-property-1.0.1.tgz",
      "integrity": "sha512-e3nRfgfUZ4rNGL232gUgX06QNyyez04KdjFrF+LTRoOXmrOgFKDg4BCdsjW8EnT69eqdYGmRpJwiPVYNrCaW3g==",
      "license": "MIT",
      "engines": {
        "node": ">= 0.4"
      }
    },
    "node_modules/es-errors": {
      "version": "1.3.0",
      "resolved": "https://registry.npmjs.org/es-errors/-/es-errors-1.3.0.tgz",
      "integrity": "sha512-Zf5H2Kxt2xjTvbJvP2ZWLEICxA6j+hAmMzIlypy4xcBg1vKVnx89Wy0GbS+kf5cwCVFFzdCFh2XSCFNULS6csw==",
      "license": "MIT",
      "engines": {
        "node": ">= 0.4"
      }
    },
    "node_modules/es-object-atoms": {
      "version": "1.1.1",
      "resolved": "https://registry.npmjs.org/es-object-atoms/-/es-object-atoms-1.1.1.tgz",
      "integrity": "sha512-FGgH2h8zKNim9ljj7dankFPcICIK9Cp5bm+c2gQSYePhpaG5+esrLODihIorn+Pe6FGJzWhXQotPv73jTaldXA==",
      "license": "MIT",
      "dependencies": {
        "es-errors": "^1.3.0"
      },
      "engines": {
        "node": ">= 0.4"
      }
    },
    "node_modules/es-set-tostringtag": {
      "version": "2.1.0",
      "resolved": "https://registry.npmjs.org/es-set-tostringtag/-/es-set-tostringtag-2.1.0.tgz",
      "integrity": "sha512-j6vWzfrGVfyXxge+O0x5sh6cvxAog0a/4Rdd2K36zCMV5eJ+/+tOAngRO8cODMNWbVRdVlmGZQL2YS3yR8bIUA==",
      "license": "MIT",
      "dependencies": {
        "es-errors": "^1.3.0",
        "get-intrinsic": "^1.2.6",
        "has-tostringtag": "^1.0.2",
        "hasown": "^2.0.2"
      },
      "engines": {
        "node": ">= 0.4"
      }
    },
    "node_modules/fflate": {
      "version": "0.8.2",
      "resolved": "https://registry.npmjs.org/fflate/-/fflate-0.8.2.tgz",
      "integrity": "sha512-cPJU47OaAoCbg0pBvzsgpTPhmhqI5eJjh/JIu8tPj5q+T7iLvW/JAYUqmE7KOB4R1ZyEhzBaIQpQpardBF5z8A==",
      "license": "MIT"
    },
    "node_modules/file-type": {
      "version": "21.0.0",
      "resolved": "https://registry.npmjs.org/file-type/-/file-type-21.0.0.tgz",
      "integrity": "sha512-ek5xNX2YBYlXhiUXui3D/BXa3LdqPmoLJ7rqEx2bKJ7EAUEfmXgW0Das7Dc6Nr9MvqaOnIqiPV0mZk/r/UpNAg==",
      "license": "MIT",
      "dependencies": {
        "@tokenizer/inflate": "^0.2.7",
        "strtok3": "^10.2.2",
        "token-types": "^6.0.0",
        "uint8array-extras": "^1.4.0"
      },
      "engines": {
        "node": ">=20"
      },
      "funding": {
        "url": "https://github.com/sindresorhus/file-type?sponsor=1"
      }
    },
    "node_modules/follow-redirects": {
      "version": "1.15.11",
      "resolved": "https://registry.npmjs.org/follow-redirects/-/follow-redirects-1.15.11.tgz",
      "integrity": "sha512-deG2P0JfjrTxl50XGCDyfI97ZGVCxIpfKYmfyrQ54n5FO/0gfIES8C/Psl6kWVDolizcaaxZJnTS0QSMxvnsBQ==",
      "funding": [
        {
          "type": "individual",
          "url": "https://github.com/sponsors/RubenVerborgh"
        }
      ],
      "license": "MIT",
      "engines": {
        "node": ">=4.0"
      },
      "peerDependenciesMeta": {
        "debug": {
          "optional": true
        }
      }
    },
    "node_modules/form-data": {
      "version": "4.0.4",
      "resolved": "https://registry.npmjs.org/form-data/-/form-data-4.0.4.tgz",
      "integrity": "sha512-KrGhL9Q4zjj0kiUt5OO4Mr/A/jlI2jDYs5eHBpYHPcBEVSiipAvn2Ko2HnPe20rmcuuvMHNdZFp+4IlGTMF0Ow==",
      "license": "MIT",
      "dependencies": {
        "asynckit": "^0.4.0",
        "combined-stream": "^1.0.8",
        "es-set-tostringtag": "^2.1.0",
        "hasown": "^2.0.2",
        "mime-types": "^2.1.12"
      },
      "engines": {
        "node": ">= 6"
      }
    },
    "node_modules/form-data/node_modules/mime-db": {
      "version": "1.52.0",
      "resolved": "https://registry.npmjs.org/mime-db/-/mime-db-1.52.0.tgz",
      "integrity": "sha512-sPU4uV7dYlvtWJxwwxHD0PuihVNiE7TyAbQ5SWxDCB9mUYvOgroQOwYQQOKPJ8CIbE+1ETVlOoK1UC2nU3gYvg==",
      "license": "MIT",
      "engines": {
        "node": ">= 0.6"
      }
    },
    "node_modules/form-data/node_modules/mime-types": {
      "version": "2.1.35",
      "resolved": "https://registry.npmjs.org/mime-types/-/mime-types-2.1.35.tgz",
      "integrity": "sha512-ZDY+bPm5zTTF+YpCrAU9nK0UgICYPT0QtT1NZWFv4s++TNkcgVaT0g6+4R2uI4MjQjzysHB1zxuWL50hzaeXiw==",
      "license": "MIT",
      "dependencies": {
        "mime-db": "1.52.0"
      },
      "engines": {
        "node": ">= 0.6"
      }
    },
    "node_modules/function-bind": {
      "version": "1.1.2",
      "resolved": "https://registry.npmjs.org/function-bind/-/function-bind-1.1.2.tgz",
      "integrity": "sha512-7XHNxH7qX9xG5mIwxkhumTox/MIRNcOgDrxWsMt2pAr23WHp6MrRlN7FBSFpCpr+oVO0F744iUgR82nJMfG2SA==",
      "license": "MIT",
      "funding": {
        "url": "https://github.com/sponsors/ljharb"
      }
    },
    "node_modules/get-intrinsic": {
      "version": "1.3.0",
      "resolved": "https://registry.npmjs.org/get-intrinsic/-/get-intrinsic-1.3.0.tgz",
      "integrity": "sha512-9fSjSaos/fRIVIp+xSJlE6lfwhES7LNtKaCBIamHsjr2na1BiABJPo0mOjjz8GJDURarmCPGqaiVg5mfjb98CQ==",
      "license": "MIT",
      "dependencies": {
        "call-bind-apply-helpers": "^1.0.2",
        "es-define-property": "^1.0.1",
        "es-errors": "^1.3.0",
        "es-object-atoms": "^1.1.1",
        "function-bind": "^1.1.2",
        "get-proto": "^1.0.1",
        "gopd": "^1.2.0",
        "has-symbols": "^1.1.0",
        "hasown": "^2.0.2",
        "math-intrinsics": "^1.1.0"
      },
      "engines": {
        "node": ">= 0.4"
      },
      "funding": {
        "url": "https://github.com/sponsors/ljharb"
      }
    },
    "node_modules/get-proto": {
      "version": "1.0.1",
      "resolved": "https://registry.npmjs.org/get-proto/-/get-proto-1.0.1.tgz",
      "integrity": "sha512-sTSfBjoXBp89JvIKIefqw7U2CCebsc74kiY6awiGogKtoSGbgjYE/G/+l9sF3MWFPNc9IcoOC4ODfKHfxFmp0g==",
      "license": "MIT",
      "dependencies": {
        "dunder-proto": "^1.0.1",
        "es-object-atoms": "^1.0.0"
      },
      "engines": {
        "node": ">= 0.4"
      }
    },
    "node_modules/gopd": {
      "version": "1.2.0",
      "resolved": "https://registry.npmjs.org/gopd/-/gopd-1.2.0.tgz",
      "integrity": "sha512-ZUKRh6/kUFoAiTAtTYPZJ3hw9wNxx+BIBOijnlG9PnrJsCcSjs1wyyD6vJpaYtgnzDrKYRSqf3OO6Rfa93xsRg==",
      "license": "MIT",
      "engines": {
        "node": ">= 0.4"
      },
      "funding": {
        "url": "https://github.com/sponsors/ljharb"
      }
    },
    "node_modules/has-symbols": {
      "version": "1.1.0",
      "resolved": "https://registry.npmjs.org/has-symbols/-/has-symbols-1.1.0.tgz",
      "integrity": "sha512-1cDNdwJ2Jaohmb3sg4OmKaMBwuC48sYni5HUw2DvsC8LjGTLK9h+eb1X6RyuOHe4hT0ULCW68iomhjUoKUqlPQ==",
      "license": "MIT",
      "engines": {
        "node": ">= 0.4"
      },
      "funding": {
        "url": "https://github.com/sponsors/ljharb"
      }
    },
    "node_modules/has-tostringtag": {
      "version": "1.0.2",
      "resolved": "https://registry.npmjs.org/has-tostringtag/-/has-tostringtag-1.0.2.tgz",
      "integrity": "sha512-NqADB8VjPFLM2V0VvHUewwwsw0ZWBaIdgo+ieHtK3hasLz4qeCRjYcqfB6AQrBggRKppKF8L52/VqdVsO47Dlw==",
      "license": "MIT",
      "dependencies": {
        "has-symbols": "^1.0.3"
      },
      "engines": {
        "node": ">= 0.4"
      },
      "funding": {
        "url": "https://github.com/sponsors/ljharb"
      }
    },
    "node_modules/hasown": {
      "version": "2.0.2",
      "resolved": "https://registry.npmjs.org/hasown/-/hasown-2.0.2.tgz",
      "integrity": "sha512-0hJU9SCPvmMzIBdZFqNPXWa6dqh7WdH0cII9y+CyS8rG3nL48Bclra9HmKhVVUHyPWNH5Y7xDwAB7bfgSjkUMQ==",
      "license": "MIT",
      "dependencies": {
        "function-bind": "^1.1.2"
      },
      "engines": {
        "node": ">= 0.4"
      }
    },
    "node_modules/hookified": {
      "version": "1.12.1",
      "resolved": "https://registry.npmjs.org/hookified/-/hookified-1.12.1.tgz",
      "integrity": "sha512-xnKGl+iMIlhrZmGHB729MqlmPoWBznctSQTYCpFKqNsCgimJQmithcW0xSQMMFzYnV2iKUh25alswn6epgxS0Q==",
      "license": "MIT"
    },
    "node_modules/htmlparser2": {
      "version": "10.0.0",
      "resolved": "https://registry.npmjs.org/htmlparser2/-/htmlparser2-10.0.0.tgz",
      "integrity": "sha512-TwAZM+zE5Tq3lrEHvOlvwgj1XLWQCtaaibSN11Q+gGBAS7Y1uZSWwXXRe4iF6OXnaq1riyQAPFOBtYc77Mxq0g==",
      "funding": [
        "https://github.com/fb55/htmlparser2?sponsor=1",
        {
          "type": "github",
          "url": "https://github.com/sponsors/fb55"
        }
      ],
      "license": "MIT",
      "dependencies": {
        "domelementtype": "^2.3.0",
        "domhandler": "^5.0.3",
        "domutils": "^3.2.1",
        "entities": "^6.0.0"
      }
    },
    "node_modules/htmlparser2/node_modules/entities": {
      "version": "6.0.1",
      "resolved": "https://registry.npmjs.org/entities/-/entities-6.0.1.tgz",
      "integrity": "sha512-aN97NXWF6AWBTahfVOIrB/NShkzi5H7F9r1s9mD3cDj4Ko5f2qhhVoYMibXF7GlLveb/D2ioWay8lxI97Ven3g==",
      "license": "BSD-2-Clause",
      "engines": {
        "node": ">=0.12"
      },
      "funding": {
        "url": "https://github.com/fb55/entities?sponsor=1"
      }
    },
    "node_modules/human-time": {
      "version": "0.0.2",
      "resolved": "https://registry.npmjs.org/human-time/-/human-time-0.0.2.tgz",
      "integrity": "sha512-sbYI90YhYmstslPTb70BLGjy6mdESa0lxL7uDR4fIVAx9Iobz8fLEqi7FqF4Q/6vblrzZALg//MsYJlIPBU8SA==",
      "license": "MIT"
    },
    "node_modules/iconv-lite": {
      "version": "0.6.3",
      "resolved": "https://registry.npmjs.org/iconv-lite/-/iconv-lite-0.6.3.tgz",
      "integrity": "sha512-4fCk79wshMdzMp2rH06qWrJE4iolqLhCUH+OiuIgU++RB0+94NlDL81atO7GX55uUKueo0txHNtvEyI6D7WdMw==",
      "license": "MIT",
      "dependencies": {
        "safer-buffer": ">= 2.1.2 < 3.0.0"
      },
      "engines": {
        "node": ">=0.10.0"
      }
    },
    "node_modules/ieee754": {
      "version": "1.2.1",
      "resolved": "https://registry.npmjs.org/ieee754/-/ieee754-1.2.1.tgz",
      "integrity": "sha512-dcyqhDvX1C46lXZcVqCpK+FtMRQVdIMN6/Df5js2zouUsqG7I6sFxitIC+7KYK29KdXOLHdu9zL4sFnoVQnqaA==",
      "funding": [
        {
          "type": "github",
          "url": "https://github.com/sponsors/feross"
        },
        {
          "type": "patreon",
          "url": "https://www.patreon.com/feross"
        },
        {
          "type": "consulting",
          "url": "https://feross.org/support"
        }
      ],
      "license": "BSD-3-Clause"
    },
    "node_modules/jsep": {
      "version": "1.4.0",
      "resolved": "https://registry.npmjs.org/jsep/-/jsep-1.4.0.tgz",
      "integrity": "sha512-B7qPcEVE3NVkmSJbaYxvv4cHkVW7DQsZz13pUMrfS8z8Q/BuShN+gcTXrUlPiGqM2/t/EEaI030bpxMqY8gMlw==",
      "license": "MIT",
      "engines": {
        "node": ">= 10.16.0"
      }
    },
    "node_modules/jsonpath-plus": {
      "version": "10.3.0",
      "resolved": "https://registry.npmjs.org/jsonpath-plus/-/jsonpath-plus-10.3.0.tgz",
      "integrity": "sha512-8TNmfeTCk2Le33A3vRRwtuworG/L5RrgMvdjhKZxvyShO+mBu2fP50OWUjRLNtvw344DdDarFh9buFAZs5ujeA==",
      "license": "MIT",
      "dependencies": {
        "@jsep-plugin/assignment": "^1.3.0",
        "@jsep-plugin/regex": "^1.0.4",
        "jsep": "^1.4.0"
      },
      "bin": {
        "jsonpath": "bin/jsonpath-cli.js",
        "jsonpath-plus": "bin/jsonpath-cli.js"
      },
      "engines": {
        "node": ">=18.0.0"
      }
    },
    "node_modules/keypress": {
      "version": "0.2.1",
      "resolved": "https://registry.npmjs.org/keypress/-/keypress-0.2.1.tgz",
      "integrity": "sha512-HjorDJFNhnM4SicvaUXac0X77NiskggxJdesG72+O5zBKpSqKFCrqmndKVqpu3pFqkla0St6uGk8Ju0sCurrmg==",
      "license": "MIT"
    },
    "node_modules/keyv": {
      "version": "5.5.3",
      "resolved": "https://registry.npmjs.org/keyv/-/keyv-5.5.3.tgz",
      "integrity": "sha512-h0Un1ieD+HUrzBH6dJXhod3ifSghk5Hw/2Y4/KHBziPlZecrFyE9YOTPU6eOs0V9pYl8gOs86fkr/KN8lUX39A==",
      "license": "MIT",
      "dependencies": {
        "@keyv/serialize": "^1.1.1"
      }
    },
    "node_modules/libsignal": {
      "name": "@whiskeysockets/libsignal-node",
      "version": "2.0.1",
      "resolved": "git+ssh://git@github.com/whiskeysockets/libsignal-node.git#e81ecfc32eb74951d789ab37f7e341ab66d5fff1",
      "license": "GPL-3.0",
      "dependencies": {
        "curve25519-js": "^0.0.4",
        "protobufjs": "6.8.8"
      }
    },
    "node_modules/libsignal/node_modules/@types/node": {
      "version": "10.17.60",
      "resolved": "https://registry.npmjs.org/@types/node/-/node-10.17.60.tgz",
      "integrity": "sha512-F0KIgDJfy2nA3zMLmWGKxcH2ZVEtCZXHHdOQs2gSaQ27+lNeEfGxzkIw90aXswATX7AZ33tahPbzy6KAfUreVw==",
      "license": "MIT"
    },
    "node_modules/libsignal/node_modules/long": {
      "version": "4.0.0",
      "resolved": "https://registry.npmjs.org/long/-/long-4.0.0.tgz",
      "integrity": "sha512-XsP+KhQif4bjX1kbuSiySJFNAehNxgLb6hPRGJ9QsUr8ajHkuXGdrHmFUTUUXhDwVX2R5bY4JNZEwbUiMhV+MA==",
      "license": "Apache-2.0"
    },
    "node_modules/libsignal/node_modules/protobufjs": {
      "version": "6.8.8",
      "resolved": "https://registry.npmjs.org/protobufjs/-/protobufjs-6.8.8.tgz",
      "integrity": "sha512-AAmHtD5pXgZfi7GMpllpO3q1Xw1OYldr+dMUlAnffGTAhqkg72WdmSY71uKBF/JuyiKs8psYbtKrhi0ASCD8qw==",
      "hasInstallScript": true,
      "license": "BSD-3-Clause",
      "dependencies": {
        "@protobufjs/aspromise": "^1.1.2",
        "@protobufjs/base64": "^1.1.2",
        "@protobufjs/codegen": "^2.0.4",
        "@protobufjs/eventemitter": "^1.1.0",
        "@protobufjs/fetch": "^1.1.0",
        "@protobufjs/float": "^1.0.2",
        "@protobufjs/inquire": "^1.1.0",
        "@protobufjs/path": "^1.1.2",
        "@protobufjs/pool": "^1.1.0",
        "@protobufjs/utf8": "^1.1.0",
        "@types/long": "^4.0.0",
        "@types/node": "^10.1.0",
        "long": "^4.0.0"
      },
      "bin": {
        "pbjs": "bin/pbjs",
        "pbts": "bin/pbts"
      }
    },
    "node_modules/long": {
      "version": "5.3.2",
      "resolved": "https://registry.npmjs.org/long/-/long-5.3.2.tgz",
      "integrity": "sha512-mNAgZ1GmyNhD7AuqnTG3/VQ26o760+ZYBPKjPvugO8+nLbYfX6TVpJPseBvopbdY+qpZ/lKUnmEc1LeZYS3QAA==",
      "license": "Apache-2.0"
    },
    "node_modules/m3u8stream": {
      "version": "0.8.6",
      "resolved": "https://registry.npmjs.org/m3u8stream/-/m3u8stream-0.8.6.tgz",
      "integrity": "sha512-LZj8kIVf9KCphiHmH7sbFQTVe4tOemb202fWwvJwR9W5ENW/1hxJN6ksAWGhQgSBSa3jyWhnjKU1Fw1GaOdbyA==",
      "license": "MIT",
      "dependencies": {
        "miniget": "^4.2.2",
        "sax": "^1.2.4"
      },
      "engines": {
        "node": ">=12"
      }
    },
    "node_modules/math-intrinsics": {
      "version": "1.1.0",
      "resolved": "https://registry.npmjs.org/math-intrinsics/-/math-intrinsics-1.1.0.tgz",
      "integrity": "sha512-/IXtbwEk5HTPyEwyKX6hGkYXxM9nbj64B+ilVJnC/R6B0pH5G4V3b0pVbL7DBj4tkhBAppbQUlf6F6Xl9LHu1g==",
      "license": "MIT",
      "engines": {
        "node": ">= 0.4"
      }
    },
    "node_modules/media-typer": {
      "version": "1.1.0",
      "resolved": "https://registry.npmjs.org/media-typer/-/media-typer-1.1.0.tgz",
      "integrity": "sha512-aisnrDP4GNe06UcKFnV5bfMNPBUw4jsLGaWwWfnH3v02GnBuXX2MCVn5RbrWo0j3pczUilYblq7fQ7Nw2t5XKw==",
      "license": "MIT",
      "engines": {
        "node": ">= 0.8"
      }
    },
    "node_modules/mimic-fn": {
      "version": "2.1.0",
      "resolved": "https://registry.npmjs.org/mimic-fn/-/mimic-fn-2.1.0.tgz",
      "integrity": "sha512-OqbOk5oEQeAZ8WXWydlu9HJjz9WVdEIvamMCcXmuqUYjTknH/sqsWvhQ3vgwKFRR1HpjvNBKQ37nbJgYzGqGcg==",
      "license": "MIT",
      "engines": {
        "node": ">=6"
      }
    },
    "node_modules/miniget": {
      "version": "4.2.3",
      "resolved": "https://registry.npmjs.org/miniget/-/miniget-4.2.3.tgz",
      "integrity": "sha512-SjbDPDICJ1zT+ZvQwK0hUcRY4wxlhhNpHL9nJOB2MEAXRGagTljsO8MEDzQMTFf0Q8g4QNi8P9lEm/g7e+qgzA==",
      "license": "MIT",
      "engines": {
        "node": ">=12"
      }
    },
    "node_modules/minimatch": {
      "version": "3.0.8",
      "resolved": "https://registry.npmjs.org/minimatch/-/minimatch-3.0.8.tgz",
      "integrity": "sha512-6FsRAQsxQ61mw+qP1ZzbL9Bc78x2p5OqNgNpnoAFLTrX8n5Kxph0CsnhmKKNXTWjXqU5L0pGPR7hYk+XWZr60Q==",
      "license": "ISC",
      "dependencies": {
        "brace-expansion": "^1.1.7"
      },
      "engines": {
        "node": "*"
      }
    },
    "node_modules/minimist": {
      "version": "1.2.8",
      "resolved": "https://registry.npmjs.org/minimist/-/minimist-1.2.8.tgz",
      "integrity": "sha512-2yyAR8qBkN3YuheJanUpWC5U3bb5osDywNB8RzDVlDwDHbocAJveqqj1u8+SVD7jkWT4yvsHCpWqqWqAxb0zCA==",
      "license": "MIT",
      "funding": {
        "url": "https://github.com/sponsors/ljharb"
      }
    },
    "node_modules/ms": {
      "version": "2.1.3",
      "resolved": "https://registry.npmjs.org/ms/-/ms-2.1.3.tgz",
      "integrity": "sha512-6FlzubTLZG3J2a/NVCAleEhjzq5oxgHyaCU9yYXvcLsvoVaHJq/s5xXI6/XXP6tz7R9xAOtHnSO/tXtF3WRTlA==",
      "license": "MIT"
    },
    "node_modules/music-metadata": {
      "version": "11.9.0",
      "resolved": "https://registry.npmjs.org/music-metadata/-/music-metadata-11.9.0.tgz",
      "integrity": "sha512-J7VqD8FY6KRcm75Fzj86FPsckiD/EdvO5OS3P+JiMf/2krP3TcAseZYfkic6eFeJ0iBhhzcdxgfu8hLW95aXXw==",
      "funding": [
        {
          "type": "github",
          "url": "https://github.com/sponsors/Borewit"
        },
        {
          "type": "buymeacoffee",
          "url": "https://buymeacoffee.com/borewit"
        }
      ],
      "license": "MIT",
      "dependencies": {
        "@borewit/text-codec": "^0.2.0",
        "@tokenizer/token": "^0.3.0",
        "content-type": "^1.0.5",
        "debug": "^4.4.3",
        "file-type": "^21.0.0",
        "media-typer": "^1.1.0",
        "strtok3": "^10.3.4",
        "token-types": "^6.1.1",
        "uint8array-extras": "^1.5.0"
      },
      "engines": {
        "node": ">=18"
      }
    },
    "node_modules/node-fzf": {
      "version": "0.14.0",
      "resolved": "https://registry.npmjs.org/node-fzf/-/node-fzf-0.14.0.tgz",
      "integrity": "sha512-VZU+nuj8zzEEtGzeYGGzKdSmj7W9oHm9xK2A1g1kEPmlyK3726T1iT1e9FCxWiaKKjEn3oqR+p3So7EjU94JaA==",
      "license": "MIT",
      "dependencies": {
        "keypress": "~0.2.1",
        "minimist": "~1.2.5",
        "picocolors": "~1.1.1",
        "redstar": "0.0.2",
        "restore-cursor": "~3.1.0",
        "string-width": "~2.1.1",
        "ttys": "0.0.3"
      },
      "bin": {
        "nfzf": "bin/cli.js"
      }
    },
    "node_modules/node-fzf/node_modules/ansi-regex": {
      "version": "3.0.1",
      "resolved": "https://registry.npmjs.org/ansi-regex/-/ansi-regex-3.0.1.tgz",
      "integrity": "sha512-+O9Jct8wf++lXxxFc4hc8LsjaSq0HFzzL7cVsw8pRDIPdjKD2mT4ytDZlLuSBZ4cLKZFXIrMGO7DbQCtMJJMKw==",
      "license": "MIT",
      "engines": {
        "node": ">=4"
      }
    },
    "node_modules/node-fzf/node_modules/is-fullwidth-code-point": {
      "version": "2.0.0",
      "resolved": "https://registry.npmjs.org/is-fullwidth-code-point/-/is-fullwidth-code-point-2.0.0.tgz",
      "integrity": "sha512-VHskAKYM8RfSFXwee5t5cbN5PZeq1Wrh6qd5bkyiXIf6UQcN6w/A0eXM9r6t8d+GYOh+o6ZhiEnb88LN/Y8m2w==",
      "license": "MIT",
      "engines": {
        "node": ">=4"
      }
    },
    "node_modules/node-fzf/node_modules/string-width": {
      "version": "2.1.1",
      "resolved": "https://registry.npmjs.org/string-width/-/string-width-2.1.1.tgz",
      "integrity": "sha512-nOqH59deCq9SRHlxq1Aw85Jnt4w6KvLKqWVik6oA9ZklXLNIOlqg4F2yrT1MVaTjAqvVwdfeZ7w7aCvJD7ugkw==",
      "license": "MIT",
      "dependencies": {
        "is-fullwidth-code-point": "^2.0.0",
        "strip-ansi": "^4.0.0"
      },
      "engines": {
        "node": ">=4"
      }
    },
    "node_modules/node-fzf/node_modules/strip-ansi": {
      "version": "4.0.0",
      "resolved": "https://registry.npmjs.org/strip-ansi/-/strip-ansi-4.0.0.tgz",
      "integrity": "sha512-4XaJ2zQdCzROZDivEVIDPkcQn8LMFSa8kj8Gxb/Lnwzv9A8VctNZ+lfivC/sV3ivW8ElJTERXZoPBRrZKkNKow==",
      "license": "MIT",
      "dependencies": {
        "ansi-regex": "^3.0.0"
      },
      "engines": {
        "node": ">=4"
      }
    },
    "node_modules/nth-check": {
      "version": "2.1.1",
      "resolved": "https://registry.npmjs.org/nth-check/-/nth-check-2.1.1.tgz",
      "integrity": "sha512-lqjrjmaOoAnWfMmBPL+XNnynZh2+swxiX3WUE0s4yEHI6m+AwrK2UZOimIRl3X/4QctVqS8AiZjFqyOGrMXb/w==",
      "license": "BSD-2-Clause",
      "dependencies": {
        "boolbase": "^1.0.0"
      },
      "funding": {
        "url": "https://github.com/fb55/nth-check?sponsor=1"
      }
    },
    "node_modules/on-exit-leak-free": {
      "version": "2.1.2",
      "resolved": "https://registry.npmjs.org/on-exit-leak-free/-/on-exit-leak-free-2.1.2.tgz",
      "integrity": "sha512-0eJJY6hXLGf1udHwfNftBqH+g73EU4B504nZeKpz1sYRKafAghwxEJunB2O7rDZkL4PGfsMVnTXZ2EjibbqcsA==",
      "license": "MIT",
      "engines": {
        "node": ">=14.0.0"
      }
    },
    "node_modules/onetime": {
      "version": "5.1.2",
      "resolved": "https://registry.npmjs.org/onetime/-/onetime-5.1.2.tgz",
      "integrity": "sha512-kbpaSSGJTWdAY5KPVeMOKXSrPtr8C8C7wodJbcsd51jRnmD+GZu8Y0VoU6Dm5Z4vWr0Ig/1NKuWRKf7j5aaYSg==",
      "license": "MIT",
      "dependencies": {
        "mimic-fn": "^2.1.0"
      },
      "engines": {
        "node": ">=6"
      },
      "funding": {
        "url": "https://github.com/sponsors/sindresorhus"
      }
    },
    "node_modules/parse5": {
      "version": "7.3.0",
      "resolved": "https://registry.npmjs.org/parse5/-/parse5-7.3.0.tgz",
      "integrity": "sha512-IInvU7fabl34qmi9gY8XOVxhYyMyuH2xUNpb2q8/Y+7552KlejkRvqvD19nMoUW/uQGGbqNpA6Tufu5FL5BZgw==",
      "license": "MIT",
      "dependencies": {
        "entities": "^6.0.0"
      },
      "funding": {
        "url": "https://github.com/inikulin/parse5?sponsor=1"
      }
    },
    "node_modules/parse5-htmlparser2-tree-adapter": {
      "version": "7.1.0",
      "resolved": "https://registry.npmjs.org/parse5-htmlparser2-tree-adapter/-/parse5-htmlparser2-tree-adapter-7.1.0.tgz",
      "integrity": "sha512-ruw5xyKs6lrpo9x9rCZqZZnIUntICjQAd0Wsmp396Ul9lN/h+ifgVV1x1gZHi8euej6wTfpqX8j+BFQxF0NS/g==",
      "license": "MIT",
      "dependencies": {
        "domhandler": "^5.0.3",
        "parse5": "^7.0.0"
      },
      "funding": {
        "url": "https://github.com/inikulin/parse5?sponsor=1"
      }
    },
    "node_modules/parse5-parser-stream": {
      "version": "7.1.2",
      "resolved": "https://registry.npmjs.org/parse5-parser-stream/-/parse5-parser-stream-7.1.2.tgz",
      "integrity": "sha512-JyeQc9iwFLn5TbvvqACIF/VXG6abODeB3Fwmv/TGdLk2LfbWkaySGY72at4+Ty7EkPZj854u4CrICqNk2qIbow==",
      "license": "MIT",
      "dependencies": {
        "parse5": "^7.0.0"
      },
      "funding": {
        "url": "https://github.com/inikulin/parse5?sponsor=1"
      }
    },
    "node_modules/parse5/node_modules/entities": {
      "version": "6.0.1",
      "resolved": "https://registry.npmjs.org/entities/-/entities-6.0.1.tgz",
      "integrity": "sha512-aN97NXWF6AWBTahfVOIrB/NShkzi5H7F9r1s9mD3cDj4Ko5f2qhhVoYMibXF7GlLveb/D2ioWay8lxI97Ven3g==",
      "license": "BSD-2-Clause",
      "engines": {
        "node": ">=0.12"
      },
      "funding": {
        "url": "https://github.com/fb55/entities?sponsor=1"
      }
    },
    "node_modules/picocolors": {
      "version": "1.1.1",
      "resolved": "https://registry.npmjs.org/picocolors/-/picocolors-1.1.1.tgz",
      "integrity": "sha512-xceH2snhtb5M9liqDsmEw56le376mTZkEX/jEb/RxNFyegNul7eNslCXP9FDj/Lcu0X8KEyMceP2ntpaHrDEVA==",
      "license": "ISC"
    },
    "node_modules/pino": {
      "version": "9.13.1",
      "resolved": "https://registry.npmjs.org/pino/-/pino-9.13.1.tgz",
      "integrity": "sha512-Szuj+ViDTjKPQYiKumGmEn3frdl+ZPSdosHyt9SnUevFosOkMY2b7ipxlEctNKPmMD/VibeBI+ZcZCJK+4DPuw==",
      "license": "MIT",
      "dependencies": {
        "atomic-sleep": "^1.0.0",
        "on-exit-leak-free": "^2.1.0",
        "pino-abstract-transport": "^2.0.0",
        "pino-std-serializers": "^7.0.0",
        "process-warning": "^5.0.0",
        "quick-format-unescaped": "^4.0.3",
        "real-require": "^0.2.0",
        "safe-stable-stringify": "^2.3.1",
        "slow-redact": "^0.3.0",
        "sonic-boom": "^4.0.1",
        "thread-stream": "^3.0.0"
      },
      "bin": {
        "pino": "bin.js"
      }
    },
    "node_modules/pino-abstract-transport": {
      "version": "2.0.0",
      "resolved": "https://registry.npmjs.org/pino-abstract-transport/-/pino-abstract-transport-2.0.0.tgz",
      "integrity": "sha512-F63x5tizV6WCh4R6RHyi2Ml+M70DNRXt/+HANowMflpgGFMAym/VKm6G7ZOQRjqN7XbGxK1Lg9t6ZrtzOaivMw==",
      "license": "MIT",
      "dependencies": {
        "split2": "^4.0.0"
      }
    },
    "node_modules/pino-std-serializers": {
      "version": "7.0.0",
      "resolved": "https://registry.npmjs.org/pino-std-serializers/-/pino-std-serializers-7.0.0.tgz",
      "integrity": "sha512-e906FRY0+tV27iq4juKzSYPbUj2do2X2JX4EzSca1631EB2QJQUqGbDuERal7LCtOpxl6x3+nvo9NPZcmjkiFA==",
      "license": "MIT"
    },
    "node_modules/process-warning": {
      "version": "5.0.0",
      "resolved": "https://registry.npmjs.org/process-warning/-/process-warning-5.0.0.tgz",
      "integrity": "sha512-a39t9ApHNx2L4+HBnQKqxxHNs1r7KF+Intd8Q/g1bUh6q0WIp9voPXJ/x0j+ZL45KF1pJd9+q2jLIRMfvEshkA==",
      "funding": [
        {
          "type": "github",
          "url": "https://github.com/sponsors/fastify"
        },
        {
          "type": "opencollective",
          "url": "https://opencollective.com/fastify"
        }
      ],
      "license": "MIT"
    },
    "node_modules/protobufjs": {
      "version": "7.5.4",
      "resolved": "https://registry.npmjs.org/protobufjs/-/protobufjs-7.5.4.tgz",
      "integrity": "sha512-CvexbZtbov6jW2eXAvLukXjXUW1TzFaivC46BpWc/3BpcCysb5Vffu+B3XHMm8lVEuy2Mm4XGex8hBSg1yapPg==",
      "hasInstallScript": true,
      "license": "BSD-3-Clause",
      "dependencies": {
        "@protobufjs/aspromise": "^1.1.2",
        "@protobufjs/base64": "^1.1.2",
        "@protobufjs/codegen": "^2.0.4",
        "@protobufjs/eventemitter": "^1.1.0",
        "@protobufjs/fetch": "^1.1.0",
        "@protobufjs/float": "^1.0.2",
        "@protobufjs/inquire": "^1.1.0",
        "@protobufjs/path": "^1.1.2",
        "@protobufjs/pool": "^1.1.0",
        "@protobufjs/utf8": "^1.1.0",
        "@types/node": ">=13.7.0",
        "long": "^5.0.0"
      },
      "engines": {
        "node": ">=12.0.0"
      }
    },
    "node_modules/proxy-from-env": {
      "version": "1.1.0",
      "resolved": "https://registry.npmjs.org/proxy-from-env/-/proxy-from-env-1.1.0.tgz",
      "integrity": "sha512-D+zkORCbA9f1tdWRK0RaCR3GPv50cMxcrz4X8k5LTSUD1Dkw47mKJEZQNunItRTkWwgtaUSo1RVFRIG9ZXiFYg==",
      "license": "MIT"
    },
    "node_modules/qified": {
      "version": "0.5.0",
      "resolved": "https://registry.npmjs.org/qified/-/qified-0.5.0.tgz",
      "integrity": "sha512-Zj6Q/Vc/SQ+Fzc87N90jJUzBzxD7MVQ2ZvGyMmYtnl2u1a07CejAhvtk4ZwASos+SiHKCAIylyGHJKIek75QBw==",
      "license": "MIT",
      "dependencies": {
        "hookified": "^1.12.1"
      },
      "engines": {
        "node": ">=20"
      }
    },
    "node_modules/qrcode-terminal": {
      "version": "0.12.0",
      "resolved": "https://registry.npmjs.org/qrcode-terminal/-/qrcode-terminal-0.12.0.tgz",
      "integrity": "sha512-EXtzRZmC+YGmGlDFbXKxQiMZNwCLEO6BANKXG4iCtSIM0yqc/pappSx3RIKr4r0uh5JsBckOXeKrB3Iz7mdQpQ==",
      "bin": {
        "qrcode-terminal": "bin/qrcode-terminal.js"
      }
    },
    "node_modules/quick-format-unescaped": {
      "version": "4.0.4",
      "resolved": "https://registry.npmjs.org/quick-format-unescaped/-/quick-format-unescaped-4.0.4.tgz",
      "integrity": "sha512-tYC1Q1hgyRuHgloV/YXs2w15unPVh8qfu/qCTfhTYamaw7fyhumKa2yGpdSo87vY32rIclj+4fWYQXUMs9EHvg==",
      "license": "MIT"
    },
    "node_modules/real-require": {
      "version": "0.2.0",
      "resolved": "https://registry.npmjs.org/real-require/-/real-require-0.2.0.tgz",
      "integrity": "sha512-57frrGM/OCTLqLOAh0mhVA9VBMHd+9U7Zb2THMGdBUoZVOtGbJzjxsYGDJ3A9AYYCP4hn6y1TVbaOfzWtm5GFg==",
      "license": "MIT",
      "engines": {
        "node": ">= 12.13.0"
      }
    },
    "node_modules/redstar": {
      "version": "0.0.2",
      "resolved": "https://registry.npmjs.org/redstar/-/redstar-0.0.2.tgz",
      "integrity": "sha512-VNvLaLxMJMYiAasJX5Q/GC+Os7FXL0yPWFDuTodhR7Na9wqzrXsePPWC+EtIv4t3q5DyAK00w423xi5mQN2fqg==",
      "license": "MIT",
      "dependencies": {
        "minimatch": "~3.0.4"
      }
    },
    "node_modules/restore-cursor": {
      "version": "3.1.0",
      "resolved": "https://registry.npmjs.org/restore-cursor/-/restore-cursor-3.1.0.tgz",
      "integrity": "sha512-l+sSefzHpj5qimhFSE5a8nufZYAM3sBSVMAPtYkmC+4EH2anSGaEMXSD0izRQbu9nfyQ9y5JrVmp7E8oZrUjvA==",
      "license": "MIT",
      "dependencies": {
        "onetime": "^5.1.0",
        "signal-exit": "^3.0.2"
      },
      "engines": {
        "node": ">=8"
      }
    },
    "node_modules/safe-stable-stringify": {
      "version": "2.5.0",
      "resolved": "https://registry.npmjs.org/safe-stable-stringify/-/safe-stable-stringify-2.5.0.tgz",
      "integrity": "sha512-b3rppTKm9T+PsVCBEOUR46GWI7fdOs00VKZ1+9c1EWDaDMvjQc6tUwuFyIprgGgTcWoVHSKrU8H31ZHA2e0RHA==",
      "license": "MIT",
      "engines": {
        "node": ">=10"
      }
    },
    "node_modules/safer-buffer": {
      "version": "2.1.2",
      "resolved": "https://registry.npmjs.org/safer-buffer/-/safer-buffer-2.1.2.tgz",
      "integrity": "sha512-YZo3K82SD7Riyi0E1EQPojLz7kpepnSQI9IyPbHHg1XXXevb5dJI7tpyN2ADxGcQbHG7vcyRHk0cbwqcQriUtg==",
      "license": "MIT"
    },
    "node_modules/sax": {
      "version": "1.4.1",
      "resolved": "https://registry.npmjs.org/sax/-/sax-1.4.1.tgz",
      "integrity": "sha512-+aWOz7yVScEGoKNd4PA10LZ8sk0A/z5+nXQG5giUO5rprX9jgYsTdov9qCchZiPIZezbZH+jRut8nPodFAX4Jg==",
      "license": "ISC"
    },
    "node_modules/semver": {
      "version": "7.7.2",
      "resolved": "https://registry.npmjs.org/semver/-/semver-7.7.2.tgz",
      "integrity": "sha512-RF0Fw+rO5AMf9MAyaRXI4AV0Ulj5lMHqVxxdSgiVbixSCXoEmmX/jk0CuJw4+3SqroYO9VoUh+HcuJivvtJemA==",
      "license": "ISC",
      "peer": true,
      "bin": {
        "semver": "bin/semver.js"
      },
      "engines": {
        "node": ">=10"
      }
    },
    "node_modules/sharp": {
      "version": "0.34.4",
      "resolved": "https://registry.npmjs.org/sharp/-/sharp-0.34.4.tgz",
      "integrity": "sha512-FUH39xp3SBPnxWvd5iib1X8XY7J0K0X7d93sie9CJg2PO8/7gmg89Nve6OjItK53/MlAushNNxteBYfM6DEuoA==",
      "hasInstallScript": true,
      "license": "Apache-2.0",
      "peer": true,
      "dependencies": {
        "@img/colour": "^1.0.0",
        "detect-libc": "^2.1.0",
        "semver": "^7.7.2"
      },
      "engines": {
        "node": "^18.17.0 || ^20.3.0 || >=21.0.0"
      },
      "funding": {
        "url": "https://opencollective.com/libvips"
      },
      "optionalDependencies": {
        "@img/sharp-darwin-arm64": "0.34.4",
        "@img/sharp-darwin-x64": "0.34.4",
        "@img/sharp-libvips-darwin-arm64": "1.2.3",
        "@img/sharp-libvips-darwin-x64": "1.2.3",
        "@img/sharp-libvips-linux-arm": "1.2.3",
        "@img/sharp-libvips-linux-arm64": "1.2.3",
        "@img/sharp-libvips-linux-ppc64": "1.2.3",
        "@img/sharp-libvips-linux-s390x": "1.2.3",
        "@img/sharp-libvips-linux-x64": "1.2.3",
        "@img/sharp-libvips-linuxmusl-arm64": "1.2.3",
        "@img/sharp-libvips-linuxmusl-x64": "1.2.3",
        "@img/sharp-linux-arm": "0.34.4",
        "@img/sharp-linux-arm64": "0.34.4",
        "@img/sharp-linux-ppc64": "0.34.4",
        "@img/sharp-linux-s390x": "0.34.4",
        "@img/sharp-linux-x64": "0.34.4",
        "@img/sharp-linuxmusl-arm64": "0.34.4",
        "@img/sharp-linuxmusl-x64": "0.34.4",
        "@img/sharp-wasm32": "0.34.4",
        "@img/sharp-win32-arm64": "0.34.4",
        "@img/sharp-win32-ia32": "0.34.4",
        "@img/sharp-win32-x64": "0.34.4"
      }
    },
    "node_modules/signal-exit": {
      "version": "3.0.7",
      "resolved": "https://registry.npmjs.org/signal-exit/-/signal-exit-3.0.7.tgz",
      "integrity": "sha512-wnD2ZE+l+SPC/uoS0vXeE9L1+0wuaMqKlfz9AMUo38JsyLSBWSFcHR1Rri62LZc12vLr1gb3jl7iwQhgwpAbGQ==",
      "license": "ISC"
    },
    "node_modules/slow-redact": {
      "version": "0.3.1",
      "resolved": "https://registry.npmjs.org/slow-redact/-/slow-redact-0.3.1.tgz",
      "integrity": "sha512-NvFvl1GuLZNW4U046Tfi8b26zXo8aBzgCAS2f7yVJR/fArN93mOqSA99cB9uITm92ajSz01bsu1K7SCVVjIMpQ==",
      "license": "MIT"
    },
    "node_modules/sonic-boom": {
      "version": "4.2.0",
      "resolved": "https://registry.npmjs.org/sonic-boom/-/sonic-boom-4.2.0.tgz",
      "integrity": "sha512-INb7TM37/mAcsGmc9hyyI6+QR3rR1zVRu36B0NeGXKnOOLiZOfER5SA+N7X7k3yUYRzLWafduTDvJAfDswwEww==",
      "license": "MIT",
      "dependencies": {
        "atomic-sleep": "^1.0.0"
      }
    },
    "node_modules/split2": {
      "version": "4.2.0",
      "resolved": "https://registry.npmjs.org/split2/-/split2-4.2.0.tgz",
      "integrity": "sha512-UcjcJOWknrNkF6PLX83qcHM6KHgVKNkV62Y8a5uYDVv9ydGQVwAHMKqHdJje1VTWpljG0WYpCDhrCdAOYH4TWg==",
      "license": "ISC",
      "engines": {
        "node": ">= 10.x"
      }
    },
    "node_modules/strtok3": {
      "version": "10.3.4",
      "resolved": "https://registry.npmjs.org/strtok3/-/strtok3-10.3.4.tgz",
      "integrity": "sha512-KIy5nylvC5le1OdaaoCJ07L+8iQzJHGH6pWDuzS+d07Cu7n1MZ2x26P8ZKIWfbK02+XIL8Mp4RkWeqdUCrDMfg==",
      "license": "MIT",
      "dependencies": {
        "@tokenizer/token": "^0.3.0"
      },
      "engines": {
        "node": ">=18"
      },
      "funding": {
        "type": "github",
        "url": "https://github.com/sponsors/Borewit"
      }
    },
    "node_modules/thread-stream": {
      "version": "3.1.0",
      "resolved": "https://registry.npmjs.org/thread-stream/-/thread-stream-3.1.0.tgz",
      "integrity": "sha512-OqyPZ9u96VohAyMfJykzmivOrY2wfMSf3C5TtFJVgN+Hm6aj+voFhlK+kZEIv2FBh1X6Xp3DlnCOfEQ3B2J86A==",
      "license": "MIT",
      "dependencies": {
        "real-require": "^0.2.0"
      }
    },
    "node_modules/token-types": {
      "version": "6.1.1",
      "resolved": "https://registry.npmjs.org/token-types/-/token-types-6.1.1.tgz",
      "integrity": "sha512-kh9LVIWH5CnL63Ipf0jhlBIy0UsrMj/NJDfpsy1SqOXlLKEVyXXYrnFxFT1yOOYVGBSApeVnjPw/sBz5BfEjAQ==",
      "license": "MIT",
      "dependencies": {
        "@borewit/text-codec": "^0.1.0",
        "@tokenizer/token": "^0.3.0",
        "ieee754": "^1.2.1"
      },
      "engines": {
        "node": ">=14.16"
      },
      "funding": {
        "type": "github",
        "url": "https://github.com/sponsors/Borewit"
      }
    },
    "node_modules/token-types/node_modules/@borewit/text-codec": {
      "version": "0.1.1",
      "resolved": "https://registry.npmjs.org/@borewit/text-codec/-/text-codec-0.1.1.tgz",
      "integrity": "sha512-5L/uBxmjaCIX5h8Z+uu+kA9BQLkc/Wl06UGR5ajNRxu+/XjonB5i8JpgFMrPj3LXTCPA0pv8yxUvbUi+QthGGA==",
      "license": "MIT",
      "funding": {
        "type": "github",
        "url": "https://github.com/sponsors/Borewit"
      }
    },
    "node_modules/tslib": {
      "version": "2.8.1",
      "resolved": "https://registry.npmjs.org/tslib/-/tslib-2.8.1.tgz",
      "integrity": "sha512-oJFu94HQb+KVduSUQL7wnpmqnfmLsOA/nAh6b6EH0wCEoK0/mPeXU6c3wKDV83MkOuHPRHtSXKKU99IBazS/2w==",
      "license": "0BSD"
    },
    "node_modules/ttys": {
      "version": "0.0.3",
      "resolved": "https://registry.npmjs.org/ttys/-/ttys-0.0.3.tgz",
      "integrity": "sha512-UCqXRZS2S7U4aVB7Salj3ChPRSsb57ogJpJ1eMCvyowxFOBGsaHKcRU8bovcDwajX1mRbv0IpUnYkoG7Ieo5Zg==",
      "engines": {
        "node": ">= 0.6.0"
      }
    },
    "node_modules/uint8array-extras": {
      "version": "1.5.0",
      "resolved": "https://registry.npmjs.org/uint8array-extras/-/uint8array-extras-1.5.0.tgz",
      "integrity": "sha512-rvKSBiC5zqCCiDZ9kAOszZcDvdAHwwIKJG33Ykj43OKcWsnmcBRL09YTU4nOeHZ8Y2a7l1MgTd08SBe9A8Qj6A==",
      "license": "MIT",
      "engines": {
        "node": ">=18"
      },
      "funding": {
        "url": "https://github.com/sponsors/sindresorhus"
      }
    },
    "node_modules/undici": {
      "version": "7.16.0",
      "resolved": "https://registry.npmjs.org/undici/-/undici-7.16.0.tgz",
      "integrity": "sha512-QEg3HPMll0o3t2ourKwOeUAZ159Kn9mx5pnzHRQO8+Wixmh88YdZRiIwat0iNzNNXn0yoEtXJqFpyW7eM8BV7g==",
      "license": "MIT",
      "engines": {
        "node": ">=20.18.1"
      }
    },
    "node_modules/undici-types": {
      "version": "7.14.0",
      "resolved": "https://registry.npmjs.org/undici-types/-/undici-types-7.14.0.tgz",
      "integrity": "sha512-QQiYxHuyZ9gQUIrmPo3IA+hUl4KYk8uSA7cHrcKd/l3p1OTpZcM0Tbp9x7FAtXdAYhlasd60ncPpgu6ihG6TOA==",
      "license": "MIT"
    },
    "node_modules/whatwg-encoding": {
      "version": "3.1.1",
      "resolved": "https://registry.npmjs.org/whatwg-encoding/-/whatwg-encoding-3.1.1.tgz",
      "integrity": "sha512-6qN4hJdMwfYBtE3YBTTHhoeuUrDBPZmbQaxWAqSALV/MeEnR5z1xd8UKud2RAkFoPkmB+hli1TZSnyi84xz1vQ==",
      "license": "MIT",
      "dependencies": {
        "iconv-lite": "0.6.3"
      },
      "engines": {
        "node": ">=18"
      }
    },
    "node_modules/whatwg-mimetype": {
      "version": "4.0.0",
      "resolved": "https://registry.npmjs.org/whatwg-mimetype/-/whatwg-mimetype-4.0.0.tgz",
      "integrity": "sha512-QaKxh0eNIi2mE9p2vEdzfagOKHCcj1pJ56EEHGQOVxp8r9/iszLUUV7v89x9O1p/T+NlTM5W7jW6+cz4Fq1YVg==",
      "license": "MIT",
      "engines": {
        "node": ">=18"
      }
    },
    "node_modules/ws": {
      "version": "8.18.3",
      "resolved": "https://registry.npmjs.org/ws/-/ws-8.18.3.tgz",
      "integrity": "sha512-PEIGCY5tSlUt50cqyMXfCzX+oOPqN0vuGqWzbcJ2xvnkzkq46oOpz7dQaTDBdfICb4N14+GARUDw2XV2N4tvzg==",
      "license": "MIT",
      "engines": {
        "node": ">=10.0.0"
      },
      "peerDependencies": {
        "bufferutil": "^4.0.1",
        "utf-8-validate": ">=5.0.2"
      },
      "peerDependenciesMeta": {
        "bufferutil": {
          "optional": true
        },
        "utf-8-validate": {
          "optional": true
        }
      }
    },
    "node_modules/yt-search": {
      "version": "2.13.1",
      "resolved": "https://registry.npmjs.org/yt-search/-/yt-search-2.13.1.tgz",
      "integrity": "sha512-iUvUpUYyG1Gk5MxwdxUkSeugXR2DcWX+pEq3rJlsNHHNp4+Lka+fCwNYEdoN5ovxltAzAvx0K3/3MbX7FqDdAw==",
      "license": "MIT",
      "dependencies": {
        "async.parallellimit": "~0.5.2",
        "boolstring": "~2.0.1",
        "cheerio": "^1.0.0-rc.10",
        "dasu": "~0.4.3",
        "human-time": "0.0.2",
        "jsonpath-plus": "~10.3.0",
        "minimist": "~1.2.5",
        "node-fzf": "~0.14.0"
      },
      "bin": {
        "yt-search": "bin/cli.js",
        "yt-search-audio": "bin/mpv_audio.sh",
        "yt-search-video": "bin/mpv_video.sh"
      }
    },
    "node_modules/ytdl-core": {
      "version": "4.11.5",
      "resolved": "https://registry.npmjs.org/ytdl-core/-/ytdl-core-4.11.5.tgz",
      "integrity": "sha512-27LwsW4n4nyNviRCO1hmr8Wr5J1wLLMawHCQvH8Fk0hiRqrxuIu028WzbJetiYH28K8XDbeinYW4/wcHQD1EXA==",
      "license": "MIT",
      "dependencies": {
        "m3u8stream": "^0.8.6",
        "miniget": "^4.2.2",
        "sax": "^1.1.3"
      },
      "engines": {
        "node": ">=12"
      }
    }
  }
}
